,Unnamed: 0,ip,date,time,zone,cik,accession,extention,code,size,idx,norefer,noagent,find,crawler,browser
0,0,101.81.133.jja,2017-06-26,00:00:00,0.0,1423227.0,0001104659-17-041312,-index.htm,200.0,12352.0,1.0,0.0,0.0,9.0,0.0,
1,1,101.81.133.jja,2017-06-26,00:00:00,0.0,1318349.0,0000913760-17-000077,-index.htm,200.0,7713.0,1.0,0.0,0.0,9.0,0.0,
2,2,101.81.133.jja,2017-06-26,00:00:00,0.0,1504389.0,0001662252-17-000130,-index.htm,200.0,6649.0,1.0,0.0,0.0,9.0,0.0,
3,3,104.247.35.caa,2017-06-26,00:00:00,0.0,1113148.0,0001193125-16-455456,0001193125-16-455456.txt,200.0,50057.0,0.0,0.0,0.0,10.0,0.0,
4,4,104.247.35.caa,2017-06-26,00:00:00,0.0,1113148.0,0000769993-16-001076,0000769993-16-001076.txt,200.0,22615.0,0.0,0.0,0.0,10.0,0.0,
5,5,104.247.35.caa,2017-06-26,00:00:00,0.0,1113148.0,0000215457-16-001570,0000215457-16-001570.txt,200.0,14159.0,0.0,0.0,0.0,10.0,0.0,
6,6,107.22.225.dea,2017-06-26,00:00:00,0.0,1617406.0,0001193125-17-160961,d364947dex81.htm,200.0,32915.0,0.0,0.0,0.0,10.0,0.0,
7,7,107.23.85.jfd,2017-06-26,00:00:00,0.0,1171040.0,0001193125-14-194534,-index.htm,200.0,2828.0,1.0,0.0,0.0,10.0,0.0,
8,8,107.23.85.jfd,2017-06-26,00:00:00,0.0,1171040.0,0001193125-14-309551,-index.htm,200.0,2803.0,1.0,0.0,0.0,10.0,0.0,
9,9,107.23.85.jfd,2017-06-26,00:00:00,0.0,1081915.0,0000930413-07-003410,-index.htm,200.0,2786.0,1.0,0.0,0.0,10.0,0.0,
10,10,107.23.85.jfd,2017-06-26,00:00:00,0.0,890493.0,0001193125-13-220715,-index.htm,200.0,3050.0,1.0,0.0,0.0,10.0,0.0,
11,11,107.23.85.jfd,2017-06-26,00:00:00,0.0,1081915.0,0000930413-07-001970,-index.htm,200.0,2787.0,1.0,0.0,0.0,10.0,0.0,
12,12,107.23.85.jfd,2017-06-26,00:00:00,0.0,890493.0,0001193125-13-222734,-index.htm,200.0,2820.0,1.0,0.0,0.0,10.0,0.0,
13,13,107.23.85.jfd,2017-06-26,00:00:00,0.0,1137103.0,0001056404-03-000616,-index.htm,200.0,2693.0,1.0,0.0,0.0,10.0,0.0,
14,14,107.23.85.jfd,2017-06-26,00:00:00,0.0,1137103.0,0001056404-01-000255,-index.htm,200.0,2723.0,1.0,0.0,0.0,10.0,0.0,
15,15,107.23.85.jfd,2017-06-26,00:00:00,0.0,890493.0,0001193125-13-221721,-index.htm,200.0,2870.0,1.0,0.0,0.0,10.0,0.0,
16,16,107.23.85.jfd,2017-06-26,00:00:00,0.0,1081915.0,0000930413-07-004587,-index.htm,200.0,2802.0,1.0,0.0,0.0,10.0,0.0,
17,17,107.23.85.jfd,2017-06-26,00:00:00,0.0,1137103.0,0001056404-02-000368,-index.htm,200.0,2705.0,1.0,0.0,0.0,10.0,0.0,
18,18,107.23.85.jfd,2017-06-26,00:00:00,0.0,1081915.0,0000930413-07-003483,-index.htm,200.0,2789.0,1.0,0.0,0.0,10.0,0.0,
19,19,107.23.85.jfd,2017-06-26,00:00:00,0.0,1171040.0,0001193125-14-339074,-index.htm,200.0,2832.0,1.0,0.0,0.0,10.0,0.0,
20,20,107.23.85.jfd,2017-06-26,00:00:00,0.0,1081915.0,0000930413-07-004798,-index.htm,200.0,2798.0,1.0,0.0,0.0,10.0,0.0,
21,21,107.23.85.jfd,2017-06-26,00:00:00,0.0,1081915.0,0000930413-07-001990,-index.htm,200.0,2785.0,1.0,0.0,0.0,10.0,0.0,
22,22,107.23.85.jfd,2017-06-26,00:00:00,0.0,890493.0,0001193125-13-221730,-index.htm,200.0,2868.0,1.0,0.0,0.0,10.0,0.0,
23,23,107.23.85.jfd,2017-06-26,00:00:00,0.0,1171040.0,0001193125-14-263360,-index.htm,200.0,2830.0,1.0,0.0,0.0,10.0,0.0,
24,24,107.23.85.jfd,2017-06-26,00:00:00,0.0,1137103.0,0001056404-02-000922,-index.htm,200.0,2717.0,1.0,0.0,0.0,10.0,0.0,
25,25,107.23.85.jfd,2017-06-26,00:00:00,0.0,1171040.0,0001193125-14-306326,-index.htm,200.0,2840.0,1.0,0.0,0.0,10.0,0.0,
26,26,107.23.85.jfd,2017-06-26,00:00:00,0.0,890493.0,0001193125-13-222712,-index.htm,200.0,2819.0,1.0,0.0,0.0,10.0,0.0,
27,27,107.23.85.jfd,2017-06-26,00:00:00,0.0,1137103.0,0001056404-03-001303,-index.htm,200.0,2711.0,1.0,0.0,0.0,10.0,0.0,
28,28,107.23.85.jfd,2017-06-26,00:00:00,0.0,890493.0,0001193125-13-191460,-index.htm,200.0,2963.0,1.0,0.0,0.0,10.0,0.0,
29,29,107.23.85.jfd,2017-06-26,00:00:00,0.0,1081915.0,0000930413-07-004586,-index.htm,200.0,2799.0,1.0,0.0,0.0,10.0,0.0,
30,30,107.23.85.jfd,2017-06-26,00:00:00,0.0,1171040.0,0001193125-14-140345,-index.htm,200.0,2830.0,1.0,0.0,0.0,10.0,0.0,
31,31,107.23.85.jfd,2017-06-26,00:00:00,0.0,1171040.0,0001193125-14-233111,-index.htm,200.0,2834.0,1.0,0.0,0.0,10.0,0.0,
32,32,107.23.85.jfd,2017-06-26,00:00:00,0.0,1171040.0,0001193125-14-368851,-index.htm,200.0,2828.0,1.0,0.0,0.0,10.0,0.0,
33,33,107.23.85.jfd,2017-06-26,00:00:00,0.0,1137103.0,0001056404-02-001637,-index.htm,200.0,2713.0,1.0,0.0,0.0,10.0,0.0,
34,34,107.4.9.djb,2017-06-26,00:00:00,0.0,1439095.0,0001439095-17-000008,-index.htm,200.0,3319.0,1.0,0.0,0.0,1.0,0.0,
35,35,115.111.60.idd,2017-06-26,00:00:00,0.0,314808.0,0000314808-17-000012,-index.htm,200.0,12370.0,1.0,0.0,0.0,10.0,0.0,
36,36,115.111.60.idd,2017-06-26,00:00:00,0.0,314808.0,0000314808-17-000012,-index.htm,301.0,288.0,1.0,0.0,1.0,10.0,0.0,
37,37,116.226.190.eag,2017-06-26,00:00:00,0.0,1583771.0,0001104659-14-006638,-index.htm,200.0,11160.0,1.0,0.0,0.0,10.0,0.0,
38,38,116.226.190.eag,2017-06-26,00:00:00,0.0,1432196.0,0001144204-17-026152,-index.htm,200.0,12445.0,1.0,0.0,0.0,10.0,0.0,
39,39,116.226.190.eag,2017-06-26,00:00:00,0.0,1354327.0,0001193125-15-368358,-index.htm,200.0,11115.0,1.0,0.0,0.0,10.0,0.0,
40,40,116.226.190.eag,2017-06-26,00:00:00,0.0,1432196.0,0001521536-13-000457,-index.htm,200.0,12539.0,1.0,0.0,0.0,10.0,0.0,
41,41,116.226.190.eag,2017-06-26,00:00:00,0.0,1178104.0,0000950134-06-003830,-index.htm,200.0,7488.0,1.0,0.0,0.0,10.0,0.0,
42,42,116.226.190.eag,2017-06-26,00:00:00,0.0,320340.0,0001437749-13-010866,-index.htm,200.0,10801.0,1.0,0.0,0.0,10.0,0.0,
43,43,116.226.190.eag,2017-06-26,00:00:00,0.0,1292519.0,0001193125-11-190231,-index.htm,200.0,7704.0,1.0,0.0,0.0,10.0,0.0,
44,44,116.226.190.eag,2017-06-26,00:00:00,0.0,1066194.0,0001193125-10-259061,-index.htm,200.0,7987.0,1.0,0.0,0.0,10.0,0.0,
45,45,116.226.190.eag,2017-06-26,00:00:00,0.0,1216596.0,0001216596-10-000029,-index.htm,200.0,8700.0,1.0,0.0,0.0,10.0,0.0,
46,46,117.91.1.hee,2017-06-26,00:00:00,0.0,1409970.0,0001409970-17-000698,-index.htm,200.0,6521.0,1.0,0.0,0.0,10.0,0.0,
47,47,117.91.1.hee,2017-06-26,00:00:00,0.0,1409970.0,0001409970-17-000732,-index.htm,200.0,6521.0,1.0,0.0,0.0,10.0,0.0,
48,48,117.91.1.hee,2017-06-26,00:00:00,0.0,1409970.0,0001409970-17-000711,-index.htm,200.0,6521.0,1.0,0.0,0.0,10.0,0.0,
49,49,117.91.1.hee,2017-06-26,00:00:00,0.0,1409970.0,0001409970-17-000710,-index.htm,200.0,6521.0,1.0,0.0,0.0,10.0,0.0,
50,50,128.175.241.beg,2017-06-26,00:00:00,0.0,895648.0,0001299933-06-007440,htm_16378.htm,200.0,14233.0,0.0,0.0,0.0,10.0,0.0,
51,51,128.175.241.beg,2017-06-26,00:00:00,0.0,895650.0,0001165527-06-000468,0001165527-06-000468.txt,200.0,7705.0,0.0,0.0,0.0,10.0,0.0,
52,52,128.175.241.beg,2017-06-26,00:00:00,0.0,895648.0,0001299933-06-007440,htm_16378.htm,301.0,656.0,0.0,0.0,0.0,10.0,0.0,
53,53,128.175.241.beg,2017-06-26,00:00:00,0.0,895650.0,0001165527-06-000468,0001165527-06-000468.txt,301.0,643.0,0.0,0.0,0.0,10.0,0.0,
54,54,128.91.91.iji,2017-06-26,00:00:00,0.0,724915.0,0001019687-07-002872,0001019687-07-002872.txt,200.0,34994.0,0.0,0.0,0.0,10.0,0.0,
55,55,128.91.91.iji,2017-06-26,00:00:00,0.0,1050797.0,0000893877-99-000199,0000893877-99-000199.txt,200.0,43987.0,0.0,0.0,0.0,10.0,0.0,
56,56,128.91.91.iji,2017-06-26,00:00:00,0.0,19617.0,0000950123-96-001197,0000950123-96-001197.txt,200.0,171262.0,0.0,0.0,0.0,10.0,0.0,
57,57,128.91.91.iji,2017-06-26,00:00:00,0.0,107819.0,0000107815-03-000008,0000107815-03-000008.txt,200.0,64934.0,0.0,0.0,0.0,10.0,0.0,
58,58,128.91.91.iji,2017-06-26,00:00:00,0.0,1001039.0,0001001039-15-000255,0001001039-15-000255.txt,200.0,1964106.0,0.0,0.0,0.0,10.0,0.0,
59,59,128.91.91.iji,2017-06-26,00:00:00,0.0,1004973.0,0001004973-99-000004,0001004973-99-000004.txt,200.0,34319.0,0.0,0.0,0.0,10.0,0.0,
60,60,128.91.91.iji,2017-06-26,00:00:00,0.0,880208.0,0000950134-01-506567,0000950134-01-506567.txt,200.0,70793.0,0.0,0.0,0.0,10.0,0.0,
61,61,128.91.91.iji,2017-06-26,00:00:00,0.0,1509470.0,0001144204-12-014453,0001144204-12-014453.txt,200.0,158603.0,0.0,0.0,0.0,10.0,0.0,
62,62,134.121.98.jic,2017-06-26,00:00:00,0.0,39273.0,0000039273-10-000012,form10k.htm,200.0,123390.0,0.0,0.0,0.0,9.0,0.0,
63,63,137.116.195.jga,2017-06-26,00:00:00,0.0,1534380.0,0001172661-17-001202,-index.htm,301.0,681.0,1.0,0.0,0.0,10.0,0.0,
64,64,137.116.195.jga,2017-06-26,00:00:00,0.0,1112520.0,0001112520-17-000019,-index.htm,200.0,7445.0,1.0,0.0,0.0,10.0,0.0,
65,65,137.116.195.jga,2017-06-26,00:00:00,0.0,1278951.0,0001278951-17-000004,-index.htm,301.0,679.0,1.0,0.0,0.0,10.0,0.0,
66,66,137.116.195.jga,2017-06-26,00:00:00,0.0,1063296.0,0000905718-17-000559,-index.htm,200.0,7480.0,1.0,0.0,0.0,10.0,0.0,
67,67,137.116.195.jga,2017-06-26,00:00:00,0.0,1483866.0,0001172661-17-000989,-index.htm,200.0,7475.0,1.0,0.0,0.0,10.0,0.0,
68,68,137.116.195.jga,2017-06-26,00:00:00,0.0,1389563.0,0001172661-17-001224,-index.htm,200.0,7366.0,1.0,0.0,0.0,10.0,0.0,
69,69,137.116.195.jga,2017-06-26,00:00:00,0.0,945631.0,0000945631-17-000010,-index.htm,200.0,7355.0,1.0,0.0,0.0,10.0,0.0,
70,70,137.116.195.jga,2017-06-26,00:00:00,0.0,1534380.0,0001172661-17-001202,-index.htm,200.0,7478.0,1.0,0.0,0.0,10.0,0.0,
71,71,137.116.195.jga,2017-06-26,00:00:00,0.0,1050442.0,0001050442-17-000006,-index.htm,200.0,7574.0,1.0,0.0,0.0,10.0,0.0,
72,72,137.116.195.jga,2017-06-26,00:00:00,0.0,1568820.0,0001606587-17-000351,-index.htm,200.0,7500.0,1.0,0.0,0.0,10.0,0.0,
73,73,137.116.195.jga,2017-06-26,00:00:00,0.0,945631.0,0000945631-17-000010,-index.htm,301.0,677.0,1.0,0.0,0.0,10.0,0.0,
74,74,137.116.195.jga,2017-06-26,00:00:00,0.0,1112520.0,0001112520-17-000019,-index.htm,301.0,677.0,1.0,0.0,0.0,10.0,0.0,
75,75,137.116.195.jga,2017-06-26,00:00:00,0.0,1358706.0,0001172661-17-001035,-index.htm,301.0,682.0,1.0,0.0,0.0,10.0,0.0,
76,76,137.116.195.jga,2017-06-26,00:00:00,0.0,860585.0,0000950123-17-005324,-index.htm,200.0,7530.0,1.0,0.0,0.0,10.0,0.0,
77,77,137.116.195.jga,2017-06-26,00:00:00,0.0,1542280.0,0001144204-17-027232,-index.htm,200.0,7387.0,1.0,0.0,0.0,10.0,0.0,
78,78,137.116.195.jga,2017-06-26,00:00:00,0.0,860585.0,0000950123-17-005324,-index.htm,301.0,682.0,1.0,0.0,0.0,10.0,0.0,
79,79,137.116.195.jga,2017-06-26,00:00:00,0.0,1389563.0,0001172661-17-001224,-index.htm,301.0,682.0,1.0,0.0,0.0,10.0,0.0,
80,80,137.116.195.jga,2017-06-26,00:00:00,0.0,1483866.0,0001172661-17-000989,-index.htm,301.0,681.0,1.0,0.0,0.0,10.0,0.0,
81,81,137.116.195.jga,2017-06-26,00:00:00,0.0,1478982.0,0001085146-16-004698,-index.htm,301.0,685.0,1.0,0.0,0.0,10.0,0.0,
82,82,137.116.195.jga,2017-06-26,00:00:00,0.0,1553733.0,0001172661-17-001119,-index.htm,301.0,681.0,1.0,0.0,0.0,10.0,0.0,
83,83,137.116.195.jga,2017-06-26,00:00:00,0.0,1484148.0,0000950123-17-004380,-index.htm,301.0,683.0,1.0,0.0,0.0,10.0,0.0,
84,84,137.116.195.jga,2017-06-26,00:00:00,0.0,1050442.0,0001050442-17-000006,-index.htm,301.0,679.0,1.0,0.0,0.0,10.0,0.0,
85,85,137.116.195.jga,2017-06-26,00:00:00,0.0,1063296.0,0000905718-17-000559,-index.htm,301.0,683.0,1.0,0.0,0.0,10.0,0.0,
86,86,137.116.195.jga,2017-06-26,00:00:00,0.0,1568820.0,0001606587-17-000351,-index.htm,301.0,683.0,1.0,0.0,0.0,10.0,0.0,
87,87,137.116.195.jga,2017-06-26,00:00:00,0.0,1542280.0,0001144204-17-027232,-index.htm,301.0,685.0,1.0,0.0,0.0,10.0,0.0,
88,88,138.246.2.cha,2017-06-26,00:00:00,0.0,1133494.0,0001144204-06-022511,0001144204-06-022511.txt,200.0,8119.0,0.0,0.0,0.0,10.0,0.0,
89,89,141.160.13.ihd,2017-06-26,00:00:00,0.0,912595.0,0001127602-17-002498,0001127602-17-002498.txt,200.0,6526.0,0.0,0.0,0.0,10.0,0.0,
90,90,141.160.13.ihd,2017-06-26,00:00:00,0.0,912595.0,0001127602-17-002497,0001127602-17-002497.txt,200.0,6432.0,0.0,0.0,0.0,10.0,0.0,
91,91,158.132.91.haf,2017-06-26,00:00:00,0.0,1513161.0,0001209191-15-034346,0001209191-15-034346.txt,301.0,644.0,0.0,0.0,0.0,10.0,0.0,
92,92,158.132.91.haf,2017-06-26,00:00:00,0.0,1513161.0,0001209191-15-034346,0001209191-15-034346.txt,200.0,2440.0,0.0,0.0,0.0,10.0,0.0,
93,93,158.132.91.haf,2017-06-26,00:00:00,0.0,1512507.0,0001144204-15-022931,0001144204-15-022931.txt,200.0,2518.0,0.0,0.0,0.0,10.0,0.0,
94,94,163.172.71.jij,2017-06-26,00:00:00,0.0,1046880.0,0001144204-13-012370,v336807_sc13da.htm,301.0,671.0,0.0,0.0,0.0,10.0,0.0,
95,95,167.160.109.ajc,2017-06-26,00:00:00,0.0,945276.0,0000890566-01-000193,0000890566-01-000193.txt,200.0,10594.0,0.0,0.0,0.0,10.0,0.0,
96,96,167.160.109.ajc,2017-06-26,00:00:00,0.0,883558.0,0000912057-01-007147,0000912057-01-007147.txt,200.0,86919.0,0.0,0.0,0.0,10.0,0.0,
97,97,172.113.252.hdj,2017-06-26,00:00:00,0.0,1619017.0,0001619017-14-000001,primary_doc.xml,200.0,6240.0,0.0,0.0,0.0,10.0,0.0,
98,98,172.113.252.hdj,2017-06-26,00:00:00,0.0,1582126.0,0001582123-13-000002,primary_doc.xml,200.0,6141.0,0.0,0.0,0.0,10.0,0.0,
99,99,184.56.140.ide,2017-06-26,00:00:00,0.0,1369774.0,0001144204-10-028669,0001144204-10-028669.txt,200.0,7583042.0,0.0,0.0,0.0,10.0,0.0,
100,100,192.41.128.bbi,2017-06-26,00:00:00,0.0,1395205.0,0001092306-08-000595,0001092306-08-000595.txt,200.0,217316.0,0.0,0.0,0.0,10.0,0.0,
101,101,192.41.128.bbi,2017-06-26,00:00:00,0.0,1395205.0,0001092306-08-000538,0001092306-08-000538.txt,200.0,8352.0,0.0,0.0,0.0,10.0,0.0,
102,102,192.41.128.bbi,2017-06-26,00:00:00,0.0,751085.0,0001104659-08-052644,0001104659-08-052644.txt,200.0,23724.0,0.0,0.0,0.0,10.0,0.0,
103,103,203.210.68.jhi,2017-06-26,00:00:00,0.0,1648955.0,0001144204-17-028529,-index.htm,200.0,3568.0,1.0,0.0,0.0,1.0,0.0,
104,104,207.46.13.geh,2017-06-26,00:00:00,0.0,1585689.0,0001585689-17-000131,q12017exhibit1012-formofre.htm,200.0,23150.0,0.0,0.0,0.0,10.0,0.0,
105,105,207.46.13.geh,2017-06-26,00:00:00,0.0,1419852.0,0001144204-16-115472,xslF345X03/v445522_form4.xml,200.0,4759.0,0.0,0.0,0.0,10.0,0.0,
106,106,207.46.13.geh,2017-06-26,00:00:00,0.0,1001082.0,0001104659-12-086790,a12-30195_28k.htm,200.0,3312.0,0.0,0.0,0.0,10.0,0.0,
107,107,213.105.134.fjf,2017-06-26,00:00:00,0.0,1347683.0,0001047469-12-000764,a2206796z13f-hr.txt,200.0,8676.0,0.0,0.0,0.0,10.0,0.0,
108,108,216.244.66.ddh,2017-06-26,00:00:00,0.0,829224.0,0000829224-14-000037,sbux-9282014xexhibit991.htm,200.0,1200949.0,0.0,0.0,0.0,10.0,0.0,
109,109,217.182.132.agj,2017-06-26,00:00:00,0.0,10795.0,0001193125-14-369291,d803726d425.htm,200.0,32027.0,0.0,0.0,0.0,10.0,0.0,
110,110,217.182.132.bge,2017-06-26,00:00:00,0.0,799698.0,0001250853-10-000083,0001250853-10-000083.txt,200.0,2537.0,0.0,0.0,0.0,10.0,0.0,
111,111,218.94.86.gcd,2017-06-26,00:00:00,0.0,1570585.0,0001570585-17-000214,-index.htm,301.0,679.0,1.0,0.0,0.0,10.0,0.0,
112,112,35.167.212.fha,2017-06-26,00:00:00,0.0,1038339.0,0001284812-07-000076,-index.htm,200.0,2848.0,1.0,0.0,0.0,10.0,0.0,
113,113,35.167.212.fha,2017-06-26,00:00:00,0.0,1038339.0,0000932471-07-000397,-index.htm,200.0,2839.0,1.0,0.0,0.0,10.0,0.0,
114,114,35.167.212.fha,2017-06-26,00:00:00,0.0,1038339.0,0000064782-07-000013,-index.htm,200.0,2866.0,1.0,0.0,0.0,10.0,0.0,
115,115,38.140.198.dgd,2017-06-26,00:00:00,0.0,1158399.0,0001062993-17-003003,form6k.htm,301.0,658.0,0.0,0.0,0.0,10.0,0.0,
116,116,38.140.198.dgd,2017-06-26,00:00:00,0.0,312070.0,0001104659-17-041224,-index.htm,200.0,7255.0,1.0,0.0,0.0,10.0,0.0,
117,117,38.140.198.dgd,2017-06-26,00:00:00,0.0,312070.0,0001104659-17-041224,-index.htm,301.0,683.0,1.0,0.0,0.0,10.0,0.0,
118,118,38.140.198.dgd,2017-06-26,00:00:00,0.0,1158399.0,0001062993-17-003003,form6k.htm,200.0,4673.0,0.0,0.0,0.0,10.0,0.0,
119,119,38.140.198.dgd,2017-06-26,00:00:00,0.0,1158399.0,0001062993-17-003003,exhibit99-1.htm,301.0,666.0,0.0,0.0,0.0,10.0,0.0,
120,120,38.140.198.dgd,2017-06-26,00:00:00,0.0,1158399.0,0001062993-17-003003,exhibit99-1.htm,200.0,5114.0,0.0,0.0,0.0,10.0,0.0,
121,121,40.114.246.eaj,2017-06-26,00:00:00,0.0,1358706.0,0001172661-17-001035,-index.htm,200.0,7399.0,1.0,0.0,0.0,10.0,0.0,
122,122,40.114.246.eaj,2017-06-26,00:00:00,0.0,1484148.0,0000950123-17-004380,-index.htm,200.0,7496.0,1.0,0.0,0.0,10.0,0.0,
123,123,40.114.246.eaj,2017-06-26,00:00:00,0.0,1278951.0,0001278951-17-000004,-index.htm,200.0,7492.0,1.0,0.0,0.0,10.0,0.0,
124,124,40.114.246.eaj,2017-06-26,00:00:00,0.0,1553733.0,0001172661-17-001119,-index.htm,200.0,7395.0,1.0,0.0,0.0,10.0,0.0,
125,125,40.114.246.eaj,2017-06-26,00:00:00,0.0,1478982.0,0001085146-16-004698,-index.htm,200.0,7493.0,1.0,0.0,0.0,10.0,0.0,
126,126,40.77.167.hbc,2017-06-26,00:00:00,0.0,1430592.0,0001193125-17-072348,-index.htm,200.0,2740.0,1.0,0.0,0.0,10.0,0.0,
127,127,49.44.51.bfb,2017-06-26,00:00:00,0.0,1008946.0,0000898432-04-000439,0000898432-04-000439.txt,200.0,19140.0,0.0,0.0,0.0,10.0,0.0,
128,128,49.77.226.jca,2017-06-26,00:00:00,0.0,1357204.0,0001357204-17-000029,-index.htm,301.0,679.0,1.0,0.0,0.0,10.0,0.0,
129,129,49.77.226.jca,2017-06-26,00:00:00,0.0,1357204.0,0001357204-17-000029,-index.htm,206.0,2814.0,1.0,0.0,0.0,10.0,0.0,
130,130,52.73.130.fhf,2017-06-26,00:00:00,0.0,917520.0,0000917520-04-000026,0000917520-04-000026.txt,200.0,42488.0,0.0,0.0,0.0,10.0,0.0,
131,131,52.90.157.idh,2017-06-26,00:00:00,0.0,849399.0,9999999997-17-007235,9999999997-17-007235.paper,200.0,1000.0,0.0,0.0,0.0,10.0,0.0,
132,132,52.90.157.idh,2017-06-26,00:00:00,0.0,849399.0,9999999997-17-007235,-index.htm,200.0,2678.0,1.0,0.0,0.0,10.0,0.0,
133,133,52.90.157.idh,2017-06-26,00:00:00,0.0,849399.0,9999999997-17-007235,9999999997-17-007235.txt,200.0,1467.0,0.0,0.0,0.0,10.0,0.0,
134,134,54.158.86.dci,2017-06-26,00:00:00,0.0,1344980.0,0001179110-17-007579,-index.htm,200.0,7542.0,1.0,0.0,0.0,10.0,0.0,
135,135,54.158.86.dci,2017-06-26,00:00:00,0.0,1344980.0,0001179110-17-007580,-index.htm,200.0,7495.0,1.0,0.0,0.0,10.0,0.0,
136,136,54.161.162.fec,2017-06-26,00:00:00,0.0,77281.0,0000769993-07-000936,0000769993-07-000936.hdr.sgml,200.0,1075.0,0.0,0.0,0.0,10.0,0.0,
137,137,54.161.162.fec,2017-06-26,00:00:00,0.0,1415336.0,0001181431-13-053172,0001181431-13-053172.txt,200.0,2275.0,0.0,0.0,0.0,10.0,0.0,
138,138,54.166.26.aca,2017-06-26,00:00:00,0.0,40934.0,0000950152-02-001663,0000950152-02-001663.hdr.sgml,200.0,1030.0,0.0,0.0,0.0,10.0,0.0,
139,139,54.166.26.aca,2017-06-26,00:00:00,0.0,1026977.0,0001116679-05-002187,0001116679-05-002187.txt,0.0,18448.0,0.0,0.0,0.0,10.0,0.0,
140,140,54.173.101.aha,2017-06-26,00:00:00,0.0,932782.0,9999999997-16-026706,9999999997-16-026706.txt,200.0,2066.0,0.0,0.0,0.0,10.0,0.0,
141,141,54.173.181.ghf,2017-06-26,00:00:00,0.0,1581908.0,0001581908-17-000039,-index.htm,200.0,2916.0,1.0,0.0,0.0,10.0,0.0,
142,142,54.175.208.fdh,2017-06-26,00:00:00,0.0,67279.0,0001437749-17-011672,-index.htm,200.0,3074.0,1.0,0.0,0.0,10.0,0.0,
143,143,54.205.178.jhi,2017-06-26,00:00:00,0.0,1114446.0,0001114446-13-004297,0001114446-13-004297.txt,0.0,56476.0,0.0,0.0,0.0,10.0,0.0,
144,144,54.205.178.jhi,2017-06-26,00:00:00,0.0,1114446.0,0001114446-13-004297,0001114446-13-004297.hdr.sgml,200.0,1015.0,0.0,0.0,0.0,10.0,0.0,
145,145,54.205.178.jhi,2017-06-26,00:00:00,0.0,832988.0,0001181431-13-053215,0001181431-13-053215.txt,200.0,2142.0,0.0,0.0,0.0,10.0,0.0,
146,146,54.212.94.jcd,2017-06-26,00:00:00,0.0,877860.0,0000877860-17-000030,-index.htm,301.0,287.0,1.0,0.0,1.0,10.0,0.0,
147,147,54.212.94.jcd,2017-06-26,00:00:00,0.0,877860.0,0000877860-17-000033,ex99122117pr-01.htm,301.0,276.0,0.0,0.0,1.0,10.0,0.0,
148,148,54.212.94.jcd,2017-06-26,00:00:00,0.0,877860.0,0000877860-17-000030,-index.htm,200.0,6771.0,1.0,0.0,0.0,10.0,0.0,
149,149,54.212.94.jcd,2017-06-26,00:00:00,0.0,877860.0,0000877860-17-000030,-index.htm,301.0,676.0,1.0,0.0,0.0,10.0,0.0,
150,150,54.212.94.jcd,2017-06-26,00:00:00,0.0,877860.0,0000877860-17-000033,ex99122117pr-01.htm,200.0,5553.0,0.0,0.0,0.0,10.0,0.0,
151,151,54.212.94.jcd,2017-06-26,00:00:00,0.0,877860.0,0000877860-17-000033,ex99122117pr-01.htm,301.0,667.0,0.0,0.0,0.0,10.0,0.0,
152,152,54.67.64.eij,2017-06-26,00:00:00,0.0,1528098.0,0001493152-17-007006,primary_doc.xml,200.0,2093.0,0.0,0.0,0.0,10.0,0.0,
153,153,54.75.252.bfc,2017-06-26,00:00:00,0.0,1114446.0,0001114446-17-004070,-index.html,200.0,2789.0,1.0,0.0,0.0,10.0,0.0,
154,154,54.80.234.jhf,2017-06-26,00:00:00,0.0,1311369.0,0001144204-11-040850,0001144204-11-040850.txt,200.0,4782.0,0.0,0.0,0.0,10.0,0.0,
155,155,54.80.234.jhf,2017-06-26,00:00:00,0.0,1311369.0,0001144204-11-040850,0001144204-11-040850.hdr.sgml,200.0,1120.0,0.0,0.0,0.0,10.0,0.0,
156,156,54.80.234.jhf,2017-06-26,00:00:00,0.0,1285819.0,0001181431-13-052715,0001181431-13-052715.txt,200.0,3890.0,0.0,0.0,0.0,10.0,0.0,
157,157,54.82.158.iee,2017-06-26,00:00:00,0.0,12601.0,0000870786-04-000214,0000870786-04-000214.hdr.sgml,200.0,1078.0,0.0,0.0,0.0,10.0,0.0,
158,158,54.82.158.iee,2017-06-26,00:00:00,0.0,822671.0,0000869392-97-000349,0000869392-97-000349.txt,200.0,2660.0,0.0,0.0,0.0,10.0,0.0,
159,159,54.91.240.cca,2017-06-26,00:00:00,0.0,819539.0,0000819539-04-000012,0000819539-04-000012.txt,200.0,2853.0,0.0,0.0,0.0,10.0,0.0,
160,160,62.65.39.jcf,2017-06-26,00:00:00,0.0,1502976.0,0001144204-16-134474,-index.htm,301.0,685.0,1.0,0.0,0.0,10.0,0.0,
161,161,62.65.39.jcf,2017-06-26,00:00:00,0.0,1502976.0,0001144204-16-134474,-index.htm,200.0,2714.0,1.0,0.0,0.0,10.0,0.0,
162,162,63.140.112.fdh,2017-06-26,00:00:00,0.0,72331.0,0000950152-97-000543,0000950152-97-000543.txt,200.0,54787.0,0.0,0.0,0.0,10.0,0.0,
163,163,63.140.112.fdh,2017-06-26,00:00:00,0.0,72331.0,0000950152-98-000581,0000950152-98-000581.txt,200.0,71049.0,0.0,0.0,0.0,10.0,0.0,
164,164,64.124.25.jig,2017-06-26,00:00:00,0.0,1584627.0,0001654954-17-004131,primary_doc.xml,200.0,2493.0,0.0,0.0,0.0,10.0,0.0,
165,165,64.124.25.jig,2017-06-26,00:00:00,0.0,1584627.0,0001654954-17-004131,primary_doc.xml,301.0,668.0,0.0,0.0,0.0,10.0,0.0,
166,166,64.125.175.fjb,2017-06-26,00:00:00,0.0,1021435.0,0001437749-15-016278,filename1.htm,200.0,4103.0,0.0,0.0,0.0,10.0,0.0,
167,167,64.211.51.bhf,2017-06-26,00:00:00,0.0,1375063.0,0001193125-12-405575,0001193125-12-405575.txt,200.0,880557.0,0.0,0.0,0.0,10.0,0.0,
168,168,66.249.66.bdh,2017-06-26,00:00:00,0.0,831001.0,0001209191-16-141396,xslF345X03/doc4.xml,200.0,3760.0,0.0,0.0,0.0,10.0,0.0,
169,169,66.249.66.bdh,2017-06-26,00:00:00,0.0,842317.0,0000950123-02-011160,y65962e6vk.htm,304.0,218.0,0.0,0.0,0.0,10.0,0.0,
170,170,66.249.66.bdh,2017-06-26,00:00:00,0.0,1493639.0,0001047469-14-002056,a2218760z20-f.htm,304.0,248.0,0.0,0.0,0.0,10.0,0.0,
171,171,66.249.66.jdi,2017-06-26,00:00:00,0.0,831001.0,0001209191-16-141396,xslF345X03/doc4.xml,301.0,673.0,0.0,0.0,0.0,10.0,0.0,
172,172,66.249.66.jjh,2017-06-26,00:00:00,0.0,1627693.0,0001193125-14-448585,d829490dex3119.htm,200.0,5410.0,0.0,0.0,0.0,10.0,0.0,
173,173,66.249.66.jjh,2017-06-26,00:00:00,0.0,1587755.0,0001567619-14-000009,s000092x8_s1a.htm,304.0,248.0,0.0,0.0,0.0,10.0,0.0,
174,174,68.180.230.ede,2017-06-26,00:00:00,0.0,1031296.0,0001031296-08-000070,-index.htm,200.0,2781.0,1.0,0.0,0.0,10.0,0.0,
175,175,68.180.230.ede,2017-06-26,00:00:00,0.0,944747.0,0001104659-16-100713,-index.htm,200.0,2790.0,1.0,0.0,0.0,10.0,0.0,
176,176,69.126.195.hbc,2017-06-26,00:00:00,0.0,1321646.0,0001193125-10-213116,0001193125-10-213116.txt,200.0,41724.0,0.0,0.0,0.0,10.0,0.0,
177,177,69.126.195.hbc,2017-06-26,00:00:00,0.0,1321646.0,0001193125-10-215722,0001193125-10-215722.txt,200.0,40938.0,0.0,0.0,0.0,10.0,0.0,
178,178,72.198.204.bgd,2017-06-26,00:00:00,0.0,948320.0,0001213900-17-002079,0001213900-17-002079.txt,200.0,7478.0,0.0,0.0,0.0,10.0,0.0,
179,179,72.198.204.bgd,2017-06-26,00:00:00,0.0,104897.0,0001493152-17-000384,0001493152-17-000384.hdr.sgml,200.0,1236.0,0.0,0.0,0.0,10.0,0.0,
180,180,73.222.244.jad,2017-06-26,00:00:00,0.0,1078706.0,0000889812-00-001498,0000889812-00-001498.txt,200.0,389970.0,0.0,0.0,0.0,10.0,0.0,
181,181,86.153.150.jad,2017-06-26,00:00:00,0.0,98246.0,0000098246-11-000121,form8_k0519112.htm,200.0,4421.0,0.0,0.0,0.0,10.0,0.0,
182,182,86.153.150.jad,2017-06-26,00:00:00,0.0,766704.0,0001209191-12-006049,xslF345X03/doc4.xml,200.0,4153.0,0.0,0.0,0.0,10.0,0.0,
183,183,86.153.150.jad,2017-06-26,00:00:00,0.0,1444363.0,0001209191-11-046614,xslF345X03/c22169_4x0.xml,200.0,4014.0,0.0,0.0,0.0,10.0,0.0,
184,184,86.153.150.jad,2017-06-26,00:00:00,0.0,723125.0,0000723125-11-000167,edgar.xml,200.0,2046.0,0.0,0.0,0.0,10.0,0.0,
185,185,86.153.150.jad,2017-06-26,00:00:00,0.0,98246.0,0000098246-11-000121,-index.htm,200.0,2685.0,1.0,0.0,0.0,10.0,0.0,
186,186,86.153.150.jad,2017-06-26,00:00:00,0.0,766704.0,0001209191-12-006049,-index.htm,200.0,2795.0,1.0,0.0,0.0,10.0,0.0,
187,187,86.153.150.jad,2017-06-26,00:00:00,0.0,92380.0,0001193125-11-148965,d8k.htm,200.0,4463.0,0.0,0.0,0.0,10.0,0.0,
188,188,86.153.150.jad,2017-06-26,00:00:00,0.0,766704.0,0001209191-12-006044,doc4.xml,200.0,2272.0,0.0,0.0,0.0,10.0,0.0,
189,189,86.153.150.jad,2017-06-26,00:00:00,0.0,1444363.0,0001209191-11-046614,-index.htm,200.0,2819.0,1.0,0.0,0.0,10.0,0.0,
190,190,86.153.150.jad,2017-06-26,00:00:00,0.0,898437.0,0001140361-11-003542,-index.htm,200.0,2830.0,1.0,0.0,0.0,10.0,0.0,
191,191,86.153.150.jad,2017-06-26,00:00:00,0.0,92380.0,0001193125-11-148965,-index.htm,200.0,2714.0,1.0,0.0,0.0,10.0,0.0,
192,192,86.153.150.jad,2017-06-26,00:00:00,0.0,1418135.0,0001299933-11-002701,htm_42872.htm,200.0,3117.0,0.0,0.0,0.0,10.0,0.0,
193,193,86.153.150.jad,2017-06-26,00:00:00,0.0,898437.0,0001140361-11-003542,xslF345X03/doc1.xml,200.0,3697.0,0.0,0.0,0.0,10.0,0.0,
194,194,94.156.218.jad,2017-06-26,00:00:00,0.0,807249.0,0000807249-17-000100,-index.htm,200.0,7554.0,1.0,0.0,0.0,10.0,0.0,
195,195,94.156.218.jad,2017-06-26,00:00:00,0.0,1601074.0,0001171843-17-003805,0001171843-17-003805.txt,200.0,9549.0,0.0,0.0,0.0,10.0,0.0,
196,196,94.156.218.jad,2017-06-26,00:00:00,0.0,1707708.0,0001707708-17-000001,-index.htm,200.0,6932.0,1.0,0.0,0.0,10.0,0.0,
197,197,101.81.133.jja,2017-06-26,00:00:01,0.0,27419.0,0001104659-17-041310,-index.htm,200.0,6882.0,1.0,0.0,0.0,9.0,0.0,
198,198,101.81.133.jja,2017-06-26,00:00:01,0.0,913760.0,0000913760-17-000077,-index.htm,200.0,7713.0,1.0,0.0,0.0,9.0,0.0,
199,199,104.247.35.caa,2017-06-26,00:00:01,0.0,1113148.0,0001193805-16-002595,0001193805-16-002595.txt,0.0,49926.0,0.0,0.0,0.0,10.0,0.0,
200,200,104.247.35.caa,2017-06-26,00:00:01,0.0,1113148.0,0001172661-16-002632,0001172661-16-002632.txt,200.0,94033.0,0.0,0.0,0.0,10.0,0.0,
201,201,104.247.35.caa,2017-06-26,00:00:01,0.0,1113148.0,0000315066-16-005229,0000315066-16-005229.txt,200.0,10048.0,0.0,0.0,0.0,10.0,0.0,
202,202,104.247.35.caa,2017-06-26,00:00:01,0.0,1113148.0,0000932471-16-012491,0000932471-16-012491.txt,200.0,40521.0,0.0,0.0,0.0,10.0,0.0,
203,203,107.22.225.dea,2017-06-26,00:00:01,0.0,1618835.0,0001209191-17-041633,-index.htm,200.0,7547.0,1.0,0.0,0.0,10.0,0.0,
204,204,107.23.85.jfd,2017-06-26,00:00:01,0.0,1331525.0,0000950117-05-002552,-index.htm,200.0,2728.0,1.0,0.0,0.0,10.0,0.0,
205,205,107.23.85.jfd,2017-06-26,00:00:01,0.0,890493.0,0001193125-13-154337,-index.htm,200.0,2874.0,1.0,0.0,0.0,10.0,0.0,
206,206,107.23.85.jfd,2017-06-26,00:00:01,0.0,1081915.0,0000930413-06-008363,-index.htm,200.0,2791.0,1.0,0.0,0.0,10.0,0.0,
207,207,107.23.85.jfd,2017-06-26,00:00:01,0.0,890493.0,0001193125-13-108612,-index.htm,200.0,3055.0,1.0,0.0,0.0,10.0,0.0,
208,208,107.23.85.jfd,2017-06-26,00:00:01,0.0,1171040.0,0001193125-13-402649,-index.htm,200.0,2652.0,1.0,0.0,0.0,10.0,0.0,
209,209,107.23.85.jfd,2017-06-26,00:00:01,0.0,890493.0,0001193125-13-134007,-index.htm,200.0,3406.0,1.0,0.0,0.0,10.0,0.0,
210,210,107.23.85.jfd,2017-06-26,00:00:01,0.0,1171040.0,0001193125-13-403743,-index.htm,200.0,2894.0,1.0,0.0,0.0,10.0,0.0,
211,211,107.23.85.jfd,2017-06-26,00:00:01,0.0,890493.0,0001193125-13-152187,-index.htm,200.0,2818.0,1.0,0.0,0.0,10.0,0.0,
212,212,107.23.85.jfd,2017-06-26,00:00:01,0.0,1171040.0,0001193125-13-403891,-index.htm,200.0,2650.0,1.0,0.0,0.0,10.0,0.0,
213,213,107.23.85.jfd,2017-06-26,00:00:01,0.0,1171040.0,0001193125-13-469751,-index.htm,200.0,2831.0,1.0,0.0,0.0,10.0,0.0,
214,214,107.23.85.jfd,2017-06-26,00:00:01,0.0,890493.0,0001193125-13-134018,-index.htm,200.0,3156.0,1.0,0.0,0.0,10.0,0.0,
215,215,107.23.85.jfd,2017-06-26,00:00:01,0.0,1081915.0,0000930413-07-000944,-index.htm,200.0,2778.0,1.0,0.0,0.0,10.0,0.0,
216,216,107.23.85.jfd,2017-06-26,00:00:01,0.0,890493.0,0001193125-13-152128,-index.htm,200.0,2870.0,1.0,0.0,0.0,10.0,0.0,
217,217,107.23.85.jfd,2017-06-26,00:00:01,0.0,1081915.0,0000930413-07-000945,-index.htm,200.0,2779.0,1.0,0.0,0.0,10.0,0.0,
218,218,107.23.85.jfd,2017-06-26,00:00:01,0.0,890493.0,0001193125-13-153165,-index.htm,200.0,2820.0,1.0,0.0,0.0,10.0,0.0,
219,219,107.23.85.jfd,2017-06-26,00:00:01,0.0,1171040.0,0001193125-14-047878,-index.htm,200.0,2830.0,1.0,0.0,0.0,10.0,0.0,
220,220,107.23.85.jfd,2017-06-26,00:00:01,0.0,1081915.0,0000930413-07-000514,-index.htm,200.0,2788.0,1.0,0.0,0.0,10.0,0.0,
221,221,107.23.85.jfd,2017-06-26,00:00:01,0.0,1277906.0,0000950117-04-000431,-index.htm,200.0,2731.0,1.0,0.0,0.0,10.0,0.0,
222,222,107.23.85.jfd,2017-06-26,00:00:01,0.0,1081915.0,0000930413-07-001691,-index.htm,200.0,2790.0,1.0,0.0,0.0,10.0,0.0,
223,223,107.23.85.jfd,2017-06-26,00:00:01,0.0,1171040.0,0001193125-14-093441,-index.htm,200.0,2836.0,1.0,0.0,0.0,10.0,0.0,
224,224,107.23.85.jfd,2017-06-26,00:00:01,0.0,1171040.0,0001193125-14-123255,-index.htm,200.0,3114.0,1.0,0.0,0.0,10.0,0.0,
225,225,107.23.85.jfd,2017-06-26,00:00:01,0.0,890493.0,0001193125-13-153855,-index.htm,200.0,3050.0,1.0,0.0,0.0,10.0,0.0,
226,226,107.23.85.jfd,2017-06-26,00:00:01,0.0,1331525.0,0001071787-06-000789,-index.htm,200.0,2670.0,1.0,0.0,0.0,10.0,0.0,
227,227,107.23.85.jfd,2017-06-26,00:00:01,0.0,1081915.0,0000930413-07-000948,-index.htm,200.0,2779.0,1.0,0.0,0.0,10.0,0.0,
228,228,107.23.85.jfd,2017-06-26,00:00:01,0.0,1171040.0,0001193125-13-405431,-index.htm,200.0,2896.0,1.0,0.0,0.0,10.0,0.0,
229,229,107.23.85.jfd,2017-06-26,00:00:01,0.0,1277906.0,0001071787-05-000385,-index.htm,200.0,2691.0,1.0,0.0,0.0,10.0,0.0,
230,230,107.23.85.jfd,2017-06-26,00:00:01,0.0,1171040.0,0001193125-14-008198,-index.htm,200.0,2834.0,1.0,0.0,0.0,10.0,0.0,
231,231,107.23.85.jfd,2017-06-26,00:00:01,0.0,1081915.0,0000930413-07-001721,-index.htm,200.0,2790.0,1.0,0.0,0.0,10.0,0.0,
232,232,107.23.85.jfd,2017-06-26,00:00:01,0.0,1081915.0,0000930413-07-000641,-index.htm,200.0,2786.0,1.0,0.0,0.0,10.0,0.0,
233,233,107.23.85.jfd,2017-06-26,00:00:01,0.0,1081915.0,0000930413-07-000947,-index.htm,200.0,2810.0,1.0,0.0,0.0,10.0,0.0,
234,234,108.29.111.ffb,2017-06-26,00:00:01,0.0,917851.0,0001104659-17-038505,-index.htm,200.0,2713.0,1.0,0.0,0.0,1.0,0.0,
235,235,115.111.60.idd,2017-06-26,00:00:01,0.0,890319.0,0000921895-17-001821,-index.html,200.0,7748.0,1.0,0.0,0.0,10.0,0.0,
236,236,116.226.190.eag,2017-06-26,00:00:01,0.0,933136.0,0001193125-13-435176,-index.htm,200.0,10738.0,1.0,0.0,0.0,10.0,0.0,
237,237,116.226.190.eag,2017-06-26,00:00:01,0.0,320340.0,0000950123-10-104626,-index.htm,200.0,7649.0,1.0,0.0,0.0,10.0,0.0,
238,238,116.226.190.eag,2017-06-26,00:00:01,0.0,1328143.0,0001104659-14-058311,-index.htm,200.0,11077.0,1.0,0.0,0.0,10.0,0.0,
239,239,116.226.190.eag,2017-06-26,00:00:01,0.0,1005817.0,0001387131-15-003211,-index.htm,200.0,11463.0,1.0,0.0,0.0,10.0,0.0,
240,240,116.226.190.eag,2017-06-26,00:00:01,0.0,1216596.0,0001216596-07-000053,-index.htm,200.0,7986.0,1.0,0.0,0.0,10.0,0.0,
241,241,116.226.190.eag,2017-06-26,00:00:01,0.0,1581068.0,0001581068-14-000028,-index.htm,200.0,11393.0,1.0,0.0,0.0,10.0,0.0,
242,242,116.226.190.eag,2017-06-26,00:00:01,0.0,1354327.0,0001193125-12-335108,-index.htm,200.0,10983.0,1.0,0.0,0.0,10.0,0.0,
243,243,116.226.190.eag,2017-06-26,00:00:01,0.0,1432196.0,0001104659-13-084749,-index.htm,200.0,11206.0,1.0,0.0,0.0,10.0,0.0,
244,244,116.226.190.eag,2017-06-26,00:00:01,0.0,1066194.0,0001193125-07-115713,-index.htm,200.0,8247.0,1.0,0.0,0.0,10.0,0.0,
245,245,116.226.190.eag,2017-06-26,00:00:01,0.0,1432196.0,0001469299-11-000497,-index.htm,200.0,9718.0,1.0,0.0,0.0,10.0,0.0,
246,246,117.91.1.hee,2017-06-26,00:00:01,0.0,1409970.0,0001409970-17-000727,-index.htm,200.0,6521.0,1.0,0.0,0.0,10.0,0.0,
247,247,117.91.1.hee,2017-06-26,00:00:01,0.0,1409970.0,0001409970-17-000707,-index.htm,200.0,6521.0,1.0,0.0,0.0,10.0,0.0,
248,248,117.91.1.hee,2017-06-26,00:00:01,0.0,1409970.0,0001409970-17-000705,-index.htm,200.0,6521.0,1.0,0.0,0.0,10.0,0.0,
249,249,117.91.1.hee,2017-06-26,00:00:01,0.0,1409970.0,0001409970-17-000713,-index.htm,200.0,6521.0,1.0,0.0,0.0,10.0,0.0,
250,250,120.26.124.hbc,2017-06-26,00:00:01,0.0,1057706.0,0001209191-17-041772,-index.htm,206.0,2860.0,1.0,0.0,0.0,10.0,0.0,
251,251,120.26.124.hbc,2017-06-26,00:00:01,0.0,1057706.0,0001209191-17-041772,-index.htm,301.0,685.0,1.0,0.0,0.0,10.0,0.0,
252,252,121.40.158.hec,2017-06-26,00:00:01,0.0,1117480.0,0001209191-17-041364,-index.htm,301.0,681.0,1.0,0.0,0.0,10.0,0.0,
253,253,121.40.158.hec,2017-06-26,00:00:01,0.0,1117480.0,0001209191-17-041364,-index.htm,206.0,2875.0,1.0,0.0,0.0,10.0,0.0,
254,254,121.40.49.dff,2017-06-26,00:00:01,0.0,1626878.0,0001209191-17-041616,-index.htm,301.0,684.0,1.0,0.0,0.0,10.0,0.0,
255,255,121.40.49.dff,2017-06-26,00:00:01,0.0,1626878.0,0001209191-17-041616,-index.htm,206.0,2920.0,1.0,0.0,0.0,10.0,0.0,
256,256,121.40.65.ebc,2017-06-26,00:00:01,0.0,862831.0,0001209191-17-041383,-index.htm,206.0,2836.0,1.0,0.0,0.0,10.0,0.0,
257,257,121.40.65.ebc,2017-06-26,00:00:01,0.0,862831.0,0001209191-17-041383,-index.htm,301.0,683.0,1.0,0.0,0.0,10.0,0.0,
258,258,123.123.182.fef,2017-06-26,00:00:01,0.0,1516522.0,0001213900-15-002744,Financial_Report.xlsx,200.0,176166.0,0.0,0.0,0.0,10.0,0.0,
259,259,128.175.241.beg,2017-06-26,00:00:01,0.0,895650.0,0001165527-06-000468,g1457.txt,200.0,5950.0,0.0,0.0,0.0,10.0,0.0,
260,260,128.175.241.beg,2017-06-26,00:00:01,0.0,895655.0,0001193125-06-215156,dex991.htm,301.0,650.0,0.0,0.0,0.0,10.0,0.0,
261,261,128.175.241.beg,2017-06-26,00:00:01,0.0,895650.0,0001165527-06-000468,g1457.txt,301.0,650.0,0.0,0.0,0.0,10.0,0.0,
262,262,128.175.241.beg,2017-06-26,00:00:01,0.0,895655.0,0001193125-06-215156,dex991.htm,200.0,339932.0,0.0,0.0,0.0,10.0,0.0,
263,263,128.175.241.beg,2017-06-26,00:00:01,0.0,895655.0,0001193125-06-215156,0001193125-06-215156.txt,200.0,395915.0,0.0,0.0,0.0,10.0,0.0,
264,264,128.175.241.beg,2017-06-26,00:00:01,0.0,895655.0,0001193125-06-215156,0001193125-06-215156.txt,301.0,643.0,0.0,0.0,0.0,10.0,0.0,
265,265,128.91.91.iji,2017-06-26,00:00:01,0.0,1206264.0,0001206264-17-000021,0001206264-17-000021.txt,200.0,1854701.0,0.0,0.0,0.0,10.0,0.0,
266,266,128.91.91.iji,2017-06-26,00:00:01,0.0,32878.0,0000950123-09-038450,0000950123-09-038450.txt,200.0,184864.0,0.0,0.0,0.0,10.0,0.0,
267,267,128.91.91.iji,2017-06-26,00:00:01,0.0,889005.0,0000889005-00-000004,0000889005-00-000004.txt,200.0,88701.0,0.0,0.0,0.0,10.0,0.0,
268,268,137.116.195.jga,2017-06-26,00:00:01,0.0,1483866.0,0001172661-17-000989,0001172661-17-000989.txt,200.0,14614.0,0.0,0.0,0.0,10.0,0.0,
269,269,137.116.195.jga,2017-06-26,00:00:01,0.0,1316729.0,0001062993-17-002517,-index.htm,200.0,7563.0,1.0,0.0,0.0,10.0,0.0,
270,270,137.116.195.jga,2017-06-26,00:00:01,0.0,1063296.0,0000905718-17-000559,0000905718-17-000559.txt,200.0,13634.0,0.0,0.0,0.0,10.0,0.0,
271,271,137.116.195.jga,2017-06-26,00:00:01,0.0,1353316.0,0001353316-17-000006,-index.htm,301.0,678.0,1.0,0.0,0.0,10.0,0.0,
272,272,137.116.195.jga,2017-06-26,00:00:01,0.0,1168664.0,0000919574-17-004338,0000919574-17-004338.txt,200.0,26675.0,0.0,0.0,0.0,10.0,0.0,
273,273,137.116.195.jga,2017-06-26,00:00:01,0.0,1542280.0,0001144204-17-027232,0001144204-17-027232.txt,200.0,6528.0,0.0,0.0,0.0,10.0,0.0,
274,274,137.116.195.jga,2017-06-26,00:00:01,0.0,1534380.0,0001172661-17-001202,0001172661-17-001202.txt,200.0,10797.0,0.0,0.0,0.0,10.0,0.0,
275,275,137.116.195.jga,2017-06-26,00:00:01,0.0,1542179.0,0001172661-17-000979,0001172661-17-000979.txt,200.0,28133.0,0.0,0.0,0.0,10.0,0.0,
276,276,137.116.195.jga,2017-06-26,00:00:01,0.0,1106500.0,0001172661-17-001194,0001172661-17-001194.txt,200.0,7295.0,0.0,0.0,0.0,10.0,0.0,
277,277,137.116.195.jga,2017-06-26,00:00:01,0.0,1128452.0,0001140361-17-020547,0001140361-17-020547.txt,200.0,6755.0,0.0,0.0,0.0,10.0,0.0,
278,278,137.116.195.jga,2017-06-26,00:00:01,0.0,1316729.0,0001062993-17-002517,0001062993-17-002517.txt,200.0,15490.0,0.0,0.0,0.0,10.0,0.0,
279,279,137.116.195.jga,2017-06-26,00:00:01,0.0,1277742.0,0001140361-17-020698,0001140361-17-020698.txt,200.0,8528.0,0.0,0.0,0.0,10.0,0.0,
280,280,137.116.195.jga,2017-06-26,00:00:01,0.0,860585.0,0000950123-17-005324,0000950123-17-005324.txt,200.0,8400.0,0.0,0.0,0.0,10.0,0.0,
281,281,137.116.195.jga,2017-06-26,00:00:01,0.0,1106500.0,0001172661-17-001194,-index.htm,200.0,7344.0,1.0,0.0,0.0,10.0,0.0,
282,282,137.116.195.jga,2017-06-26,00:00:01,0.0,1542179.0,0001172661-17-000979,-index.htm,200.0,7559.0,1.0,0.0,0.0,10.0,0.0,
283,283,137.116.195.jga,2017-06-26,00:00:01,0.0,1336528.0,0001172661-17-001220,0001172661-17-001220.txt,200.0,7766.0,0.0,0.0,0.0,10.0,0.0,
284,284,137.116.195.jga,2017-06-26,00:00:01,0.0,1128452.0,0001140361-17-020547,-index.htm,200.0,7379.0,1.0,0.0,0.0,10.0,0.0,
285,285,137.116.195.jga,2017-06-26,00:00:01,0.0,1277742.0,0001140361-17-020698,-index.htm,200.0,7520.0,1.0,0.0,0.0,10.0,0.0,
286,286,137.116.195.jga,2017-06-26,00:00:01,0.0,1168664.0,0000919574-17-004338,-index.htm,200.0,7472.0,1.0,0.0,0.0,10.0,0.0,
287,287,137.116.195.jga,2017-06-26,00:00:01,0.0,1336528.0,0001172661-17-001220,-index.htm,200.0,7489.0,1.0,0.0,0.0,10.0,0.0,
288,288,137.116.195.jga,2017-06-26,00:00:01,0.0,1112520.0,0001112520-17-000019,0001112520-17-000019.txt,200.0,18937.0,0.0,0.0,0.0,10.0,0.0,
289,289,137.116.195.jga,2017-06-26,00:00:01,0.0,1568820.0,0001606587-17-000351,0001606587-17-000351.txt,200.0,13254.0,0.0,0.0,0.0,10.0,0.0,
290,290,137.116.195.jga,2017-06-26,00:00:01,0.0,1389563.0,0001172661-17-001224,0001172661-17-001224.txt,200.0,5647.0,0.0,0.0,0.0,10.0,0.0,
291,291,137.116.195.jga,2017-06-26,00:00:01,0.0,1050442.0,0001050442-17-000006,0001050442-17-000006.txt,200.0,45948.0,0.0,0.0,0.0,10.0,0.0,
292,292,137.116.195.jga,2017-06-26,00:00:01,0.0,945631.0,0000945631-17-000010,0000945631-17-000010.txt,200.0,32636.0,0.0,0.0,0.0,10.0,0.0,
293,293,137.116.195.jga,2017-06-26,00:00:01,0.0,1549575.0,0001549575-17-000006,-index.htm,301.0,679.0,1.0,0.0,0.0,10.0,0.0,
294,294,138.246.2.cha,2017-06-26,00:00:01,0.0,1133494.0,0001144204-06-017074,0001144204-06-017074.txt,200.0,8554.0,0.0,0.0,0.0,10.0,0.0,
295,295,138.246.2.cha,2017-06-26,00:00:01,0.0,1133494.0,0001144204-06-022513,0001144204-06-022513.txt,200.0,8179.0,0.0,0.0,0.0,10.0,0.0,
296,296,138.246.2.cha,2017-06-26,00:00:01,0.0,1338208.0,0001338208-06-000003,0001338208-06-000003.txt,200.0,4851.0,0.0,0.0,0.0,10.0,0.0,
297,297,141.160.13.ihd,2017-06-26,00:00:01,0.0,912763.0,0001623632-17-000109,0001623632-17-000109.txt,0.0,418740.0,0.0,0.0,0.0,10.0,0.0,
298,298,141.160.13.ihd,2017-06-26,00:00:01,0.0,912595.0,0001127602-17-002500,0001127602-17-002500.txt,200.0,7187.0,0.0,0.0,0.0,10.0,0.0,
299,299,141.160.13.ihd,2017-06-26,00:00:01,0.0,912595.0,0001127602-17-002503,0001127602-17-002503.txt,200.0,5092.0,0.0,0.0,0.0,10.0,0.0,
300,300,156.56.14.jfc,2017-06-26,00:00:01,0.0,106640.0,0000106640-14-000008,-index.htm,200.0,12953.0,1.0,0.0,0.0,10.0,0.0,
301,301,158.132.91.haf,2017-06-26,00:00:01,0.0,1513761.0,0001209191-15-034390,0001209191-15-034390.txt,301.0,644.0,0.0,0.0,0.0,10.0,0.0,
302,302,158.132.91.haf,2017-06-26,00:00:01,0.0,1513354.0,0001209191-15-034410,0001209191-15-034410.txt,200.0,4217.0,0.0,0.0,0.0,10.0,0.0,
303,303,158.132.91.haf,2017-06-26,00:00:01,0.0,1513354.0,0001209191-15-034410,0001209191-15-034410.txt,301.0,643.0,0.0,0.0,0.0,10.0,0.0,
304,304,163.172.71.jij,2017-06-26,00:00:01,0.0,1046880.0,0001144204-13-012370,v336807_sc13da.htm,200.0,6990.0,0.0,0.0,0.0,10.0,0.0,
305,305,164.132.161.efi,2017-06-26,00:00:01,0.0,1194333.0,0001222497-05-000001,primary_doc.xml,200.0,1392.0,0.0,0.0,0.0,10.0,0.0,
306,306,164.132.161.fie,2017-06-26,00:00:01,0.0,1240093.0,0001096906-08-002072,patientportal10q930exh312.txt,200.0,1977.0,0.0,0.0,0.0,10.0,0.0,
307,307,167.160.109.ajc,2017-06-26,00:00:01,0.0,927643.0,0001013762-01-000030,0001013762-01-000030.txt,200.0,8616.0,0.0,0.0,0.0,10.0,0.0,
308,308,167.160.109.ajc,2017-06-26,00:00:01,0.0,927643.0,0001013762-01-000027,0001013762-01-000027.txt,200.0,10655.0,0.0,0.0,0.0,10.0,0.0,
309,309,172.113.252.hdj,2017-06-26,00:00:01,0.0,1654396.0,0001654396-15-000003,primary_doc.xml,200.0,11016.0,0.0,0.0,0.0,10.0,0.0,
310,310,172.113.252.hdj,2017-06-26,00:00:01,0.0,1492956.0,0001492956-10-000001,primary_doc.xml,200.0,9823.0,0.0,0.0,0.0,10.0,0.0,
311,311,172.113.252.hdj,2017-06-26,00:00:01,0.0,1600907.0,0001600907-14-000001,primary_doc.xml,200.0,7560.0,0.0,0.0,0.0,10.0,0.0,
312,312,192.41.128.bbi,2017-06-26,00:00:01,0.0,15615.0,0000950144-08-005806,0000950144-08-005806.txt,200.0,296902.0,0.0,0.0,0.0,10.0,0.0,
313,313,192.41.128.bbi,2017-06-26,00:00:01,0.0,62234.0,0000897069-08-001319,0000897069-08-001319.txt,200.0,20675.0,0.0,0.0,0.0,10.0,0.0,
314,314,192.41.128.bbi,2017-06-26,00:00:01,0.0,1395205.0,0001092306-08-000651,0001092306-08-000651.txt,200.0,6343.0,0.0,0.0,0.0,10.0,0.0,
315,315,198.199.84.bfb,2017-06-26,00:00:01,0.0,1535261.0,0001209191-17-041786,-index.htm,301.0,680.0,1.0,0.0,0.0,10.0,0.0,
316,316,201.242.170.dfh,2017-06-26,00:00:01,0.0,1099590.0,0001193125-15-069727,Financial_Report.xlsx,200.0,364889.0,0.0,0.0,0.0,8.0,0.0,
317,317,207.241.231.iah,2017-06-26,00:00:01,0.0,1027443.0,0001188112-05-000454,0001188112-05-000454.txt,200.0,10496.0,0.0,0.0,0.0,10.0,0.0,
318,318,207.46.13.geh,2017-06-26,00:00:01,0.0,877880.0,0000809981-16-000014,-index.htm,200.0,3303.0,1.0,0.0,0.0,10.0,0.0,
319,319,207.46.13.geh,2017-06-26,00:00:01,0.0,1594617.0,0001564590-17-008501,lq-10q_20170331.htm,200.0,99295.0,0.0,0.0,0.0,10.0,0.0,
320,320,218.94.86.gcd,2017-06-26,00:00:01,0.0,1570585.0,0001570585-17-000214,-index.htm,206.0,2907.0,1.0,0.0,0.0,10.0,0.0,
321,321,220.181.108.bgj,2017-06-26,00:00:01,0.0,813828.0,0001193125-14-307692,d767826d424b5.htm,301.0,664.0,0.0,0.0,0.0,10.0,0.0,
322,322,220.181.108.icd,2017-06-26,00:00:01,0.0,813828.0,0001193125-14-307692,d767826d424b5.htm,200.0,453828.0,0.0,0.0,0.0,10.0,0.0,
323,323,35.167.212.fha,2017-06-26,00:00:01,0.0,1038339.0,0000000000-07-003575,-index.htm,200.0,2592.0,1.0,0.0,0.0,10.0,0.0,
324,324,38.104.175.fjf,2017-06-26,00:00:01,0.0,1535955.0,0001144204-17-021626,v464818_ex99-1.htm,200.0,3873.0,0.0,0.0,0.0,9.0,0.0,
325,325,38.140.198.dgd,2017-06-26,00:00:01,0.0,1627281.0,0001157523-17-001839,-index.htm,301.0,682.0,1.0,0.0,0.0,10.0,0.0,
326,326,38.140.198.dgd,2017-06-26,00:00:01,0.0,1627281.0,0001157523-17-001839,-index.htm,200.0,6873.0,1.0,0.0,0.0,10.0,0.0,
327,327,38.140.198.dgd,2017-06-26,00:00:01,0.0,1627281.0,0001157523-17-001839,a51579683.htm,301.0,662.0,0.0,0.0,0.0,10.0,0.0,
328,328,38.140.198.dgd,2017-06-26,00:00:01,0.0,312070.0,0001104659-17-041224,a17-14593_156k.htm,301.0,672.0,0.0,0.0,0.0,10.0,0.0,
329,329,38.140.198.dgd,2017-06-26,00:00:01,0.0,1627281.0,0001157523-17-001839,a51579683ex99_1.htm,200.0,4591.0,0.0,0.0,0.0,10.0,0.0,
330,330,38.140.198.dgd,2017-06-26,00:00:01,0.0,1627281.0,0001157523-17-001839,a51579683.htm,200.0,11897.0,0.0,0.0,0.0,10.0,0.0,
331,331,38.140.198.dgd,2017-06-26,00:00:01,0.0,312070.0,0001104659-17-041224,a17-14593_156k.htm,200.0,21945.0,0.0,0.0,0.0,10.0,0.0,
332,332,38.140.198.dgd,2017-06-26,00:00:01,0.0,1627281.0,0001157523-17-001839,a51579683ex99_1.htm,301.0,674.0,0.0,0.0,0.0,10.0,0.0,
333,333,40.114.246.eaj,2017-06-26,00:00:01,0.0,1106500.0,0001172661-17-001194,-index.htm,301.0,681.0,1.0,0.0,0.0,10.0,0.0,
334,334,40.114.246.eaj,2017-06-26,00:00:01,0.0,1542179.0,0001172661-17-000979,-index.htm,301.0,680.0,1.0,0.0,0.0,10.0,0.0,
335,335,40.114.246.eaj,2017-06-26,00:00:01,0.0,1128452.0,0001140361-17-020547,-index.htm,301.0,685.0,1.0,0.0,0.0,10.0,0.0,
336,336,40.114.246.eaj,2017-06-26,00:00:01,0.0,1279936.0,0001352269-17-000011,-index.htm,301.0,681.0,1.0,0.0,0.0,10.0,0.0,
337,337,40.114.246.eaj,2017-06-26,00:00:01,0.0,1168664.0,0000919574-17-004338,-index.htm,301.0,683.0,1.0,0.0,0.0,10.0,0.0,
338,338,40.114.246.eaj,2017-06-26,00:00:01,0.0,1279936.0,0001352269-17-000011,0001352269-17-000011.txt,200.0,29144.0,0.0,0.0,0.0,10.0,0.0,
339,339,40.114.246.eaj,2017-06-26,00:00:01,0.0,1278951.0,0001278951-17-000004,0001278951-17-000004.txt,200.0,12944.0,0.0,0.0,0.0,10.0,0.0,
340,340,40.114.246.eaj,2017-06-26,00:00:01,0.0,1353316.0,0001353316-17-000006,0001353316-17-000006.txt,200.0,19323.0,0.0,0.0,0.0,10.0,0.0,
341,341,40.114.246.eaj,2017-06-26,00:00:01,0.0,1549575.0,0001549575-17-000006,0001549575-17-000006.txt,200.0,7470.0,0.0,0.0,0.0,10.0,0.0,
342,342,40.114.246.eaj,2017-06-26,00:00:01,0.0,1279936.0,0001352269-17-000011,-index.htm,200.0,7482.0,1.0,0.0,0.0,10.0,0.0,
343,343,40.114.246.eaj,2017-06-26,00:00:01,0.0,1353316.0,0001353316-17-000006,-index.htm,200.0,7482.0,1.0,0.0,0.0,10.0,0.0,
344,344,40.114.246.eaj,2017-06-26,00:00:01,0.0,1549575.0,0001549575-17-000006,-index.htm,200.0,7452.0,1.0,0.0,0.0,10.0,0.0,
345,345,40.114.246.eaj,2017-06-26,00:00:01,0.0,1358706.0,0001172661-17-001035,0001172661-17-001035.txt,200.0,12217.0,0.0,0.0,0.0,10.0,0.0,
346,346,40.114.246.eaj,2017-06-26,00:00:01,0.0,1277742.0,0001140361-17-020698,-index.htm,301.0,685.0,1.0,0.0,0.0,10.0,0.0,
347,347,40.114.246.eaj,2017-06-26,00:00:01,0.0,1336528.0,0001172661-17-001220,-index.htm,301.0,681.0,1.0,0.0,0.0,10.0,0.0,
348,348,40.114.246.eaj,2017-06-26,00:00:01,0.0,1316729.0,0001062993-17-002517,-index.htm,301.0,685.0,1.0,0.0,0.0,10.0,0.0,
349,349,40.114.246.eaj,2017-06-26,00:00:01,0.0,1484148.0,0000950123-17-004380,0000950123-17-004380.txt,200.0,11295.0,0.0,0.0,0.0,10.0,0.0,
350,350,40.114.246.eaj,2017-06-26,00:00:01,0.0,1478982.0,0001085146-16-004698,0001085146-16-004698.txt,200.0,4752.0,0.0,0.0,0.0,10.0,0.0,
351,351,40.114.246.eaj,2017-06-26,00:00:01,0.0,1553733.0,0001172661-17-001119,0001172661-17-001119.txt,200.0,12584.0,0.0,0.0,0.0,10.0,0.0,
352,352,40.77.167.hbc,2017-06-26,00:00:01,0.0,83246.0,0001144204-15-019580,v405900_fwp.htm,301.0,663.0,0.0,0.0,0.0,10.0,0.0,
353,353,49.44.51.bfb,2017-06-26,00:00:01,0.0,1009244.0,0000950129-04-003079,0000950129-04-003079.txt,200.0,14105.0,0.0,0.0,0.0,10.0,0.0,
354,354,49.44.51.bfb,2017-06-26,00:00:01,0.0,100923.0,0001193125-04-088544,0001193125-04-088544.txt,200.0,25678.0,0.0,0.0,0.0,10.0,0.0,
355,355,54.158.86.dci,2017-06-26,00:00:01,0.0,1344980.0,0001179110-17-003226,-index.htm,200.0,7495.0,1.0,0.0,0.0,10.0,0.0,
356,356,54.161.162.fec,2017-06-26,00:00:01,0.0,1222840.0,0001181431-13-052859,0001181431-13-052859.txt,200.0,2554.0,0.0,0.0,0.0,10.0,0.0,
357,357,54.161.162.fec,2017-06-26,00:00:01,0.0,1222840.0,0001181431-13-052859,0001181431-13-052859.hdr.sgml,200.0,1144.0,0.0,0.0,0.0,10.0,0.0,
358,358,54.161.162.fec,2017-06-26,00:00:01,0.0,77281.0,0000769993-07-000936,0000769993-07-000936.txt,200.0,5113.0,0.0,0.0,0.0,10.0,0.0,
359,359,54.166.26.aca,2017-06-26,00:00:01,0.0,1070752.0,0000950109-98-004747,0000950109-98-004747.txt,0.0,61807.0,0.0,0.0,0.0,10.0,0.0,
360,360,54.166.26.aca,2017-06-26,00:00:01,0.0,1070752.0,0000950109-98-004747,0000950109-98-004747.hdr.sgml,200.0,955.0,0.0,0.0,0.0,10.0,0.0,
361,361,54.166.26.aca,2017-06-26,00:00:01,0.0,40934.0,0000950152-02-001663,0000950152-02-001663.txt,200.0,12119.0,0.0,0.0,0.0,10.0,0.0,
362,362,54.173.101.aha,2017-06-26,00:00:01,0.0,932782.0,9999999997-16-026706,9999999997-16-026706.txt,200.0,2066.0,0.0,0.0,0.0,10.0,0.0,
363,363,54.205.178.jhi,2017-06-26,00:00:01,0.0,801645.0,0001181431-13-053176,0001181431-13-053176.txt,200.0,2938.0,0.0,0.0,0.0,10.0,0.0,
364,364,54.205.178.jhi,2017-06-26,00:00:01,0.0,801645.0,0001181431-13-053176,0001181431-13-053176.hdr.sgml,200.0,1310.0,0.0,0.0,0.0,10.0,0.0,
365,365,54.212.94.jcd,2017-06-26,00:00:01,0.0,877860.0,0000877860-17-000028,exhibit3112016.htm,301.0,275.0,0.0,0.0,1.0,10.0,0.0,
366,366,54.212.94.jcd,2017-06-26,00:00:01,0.0,877860.0,0000877860-17-000028,exhibit232-01.htm,301.0,274.0,0.0,0.0,1.0,10.0,0.0,
367,367,54.212.94.jcd,2017-06-26,00:00:01,0.0,877860.0,0000877860-17-000028,-index.htm,301.0,287.0,1.0,0.0,1.0,10.0,0.0,
368,368,54.212.94.jcd,2017-06-26,00:00:01,0.0,877860.0,0000877860-17-000028,exhibit3112016.htm,200.0,20513.0,0.0,0.0,0.0,10.0,0.0,
369,369,54.212.94.jcd,2017-06-26,00:00:01,0.0,877860.0,0000877860-17-000028,exhibit3112016.htm,301.0,665.0,0.0,0.0,0.0,10.0,0.0,
370,370,54.212.94.jcd,2017-06-26,00:00:01,0.0,877860.0,0000877860-17-000028,exhibit232-01.htm,200.0,4404.0,0.0,0.0,0.0,10.0,0.0,
371,371,54.212.94.jcd,2017-06-26,00:00:01,0.0,877860.0,0000877860-17-000028,exhibit232-01.htm,301.0,663.0,0.0,0.0,0.0,10.0,0.0,
372,372,54.212.94.jcd,2017-06-26,00:00:01,0.0,877860.0,0000877860-17-000028,-index.htm,200.0,8196.0,1.0,0.0,0.0,10.0,0.0,
373,373,54.212.94.jcd,2017-06-26,00:00:01,0.0,877860.0,0000877860-17-000028,-index.htm,301.0,676.0,1.0,0.0,0.0,10.0,0.0,
374,374,54.75.252.bfc,2017-06-26,00:00:01,0.0,1114446.0,0001114446-17-004071,-index.html,200.0,2812.0,1.0,0.0,0.0,10.0,0.0,
375,375,54.80.234.jhf,2017-06-26,00:00:01,0.0,61630.0,0001104659-06-078690,0001104659-06-078690.txt,200.0,21886.0,0.0,0.0,0.0,10.0,0.0,
376,376,54.80.234.jhf,2017-06-26,00:00:01,0.0,61630.0,0001104659-06-078690,0001104659-06-078690.hdr.sgml,200.0,1218.0,0.0,0.0,0.0,10.0,0.0,
377,377,54.82.158.iee,2017-06-26,00:00:01,0.0,1125345.0,0001181431-13-053307,0001181431-13-053307.txt,200.0,3679.0,0.0,0.0,0.0,10.0,0.0,
378,378,54.82.158.iee,2017-06-26,00:00:01,0.0,1125345.0,0001181431-13-053307,0001181431-13-053307.hdr.sgml,200.0,1087.0,0.0,0.0,0.0,10.0,0.0,
379,379,54.82.158.iee,2017-06-26,00:00:01,0.0,12601.0,0000870786-04-000214,0000870786-04-000214.txt,0.0,57467.0,0.0,0.0,0.0,10.0,0.0,
380,380,54.89.107.aah,2017-06-26,00:00:01,0.0,1601074.0,0001171843-17-003805,0001171843-17-003805.txt,200.0,9549.0,0.0,0.0,0.0,10.0,0.0,
381,381,54.89.107.aah,2017-06-26,00:00:01,0.0,1601076.0,0001171843-17-003807,0001171843-17-003807.txt,200.0,9536.0,0.0,0.0,0.0,10.0,0.0,
382,382,54.89.107.aah,2017-06-26,00:00:01,0.0,1190348.0,0001179110-17-009554,0001179110-17-009554.txt,200.0,5807.0,0.0,0.0,0.0,10.0,0.0,
383,383,54.89.107.aah,2017-06-26,00:00:01,0.0,1361113.0,0001171843-17-003805,0001171843-17-003805.txt,200.0,9549.0,0.0,0.0,0.0,10.0,0.0,
384,384,54.89.107.aah,2017-06-26,00:00:01,0.0,1272360.0,0001179110-17-009557,0001179110-17-009557.txt,200.0,5817.0,0.0,0.0,0.0,10.0,0.0,
385,385,54.91.240.cca,2017-06-26,00:00:01,0.0,763907.0,0001144204-13-017134,0001144204-13-017134.txt,0.0,78517.0,0.0,0.0,0.0,10.0,0.0,
386,386,54.91.240.cca,2017-06-26,00:00:01,0.0,763907.0,0001144204-13-017134,0001144204-13-017134.hdr.sgml,200.0,1007.0,0.0,0.0,0.0,10.0,0.0,
387,387,63.140.112.fdh,2017-06-26,00:00:01,0.0,72331.0,0000950152-00-000425,0000950152-00-000425.txt,200.0,76000.0,0.0,0.0,0.0,10.0,0.0,
388,388,63.140.112.fdh,2017-06-26,00:00:01,0.0,72331.0,0000950152-99-000509,0000950152-99-000509.txt,200.0,100148.0,0.0,0.0,0.0,10.0,0.0,
389,389,64.125.175.fjb,2017-06-26,00:00:01,0.0,1021435.0,0001437749-15-016278,filename1.htm,304.0,248.0,0.0,0.0,0.0,10.0,0.0,
390,390,66.249.66.aag,2017-06-26,00:00:01,0.0,801019.0,0001193125-12-067327,d290946dex9926d1.htm,304.0,218.0,0.0,0.0,0.0,10.0,0.0,
391,391,66.249.66.chj,2017-06-26,00:00:01,0.0,312070.0,0001193125-12-172450,0001193125-12-172450.txt,304.0,249.0,0.0,0.0,0.0,10.0,0.0,
392,392,66.249.66.fdf,2017-06-26,00:00:01,0.0,38725.0,0000947871-06-000299,0000947871-06-000299.txt,301.0,670.0,0.0,0.0,0.0,10.0,0.0,
393,393,66.249.66.jjh,2017-06-26,00:00:01,0.0,38725.0,0000947871-06-000299,0000947871-06-000299.txt,200.0,4947.0,0.0,0.0,0.0,10.0,0.0,
394,394,68.180.230.ede,2017-06-26,00:00:01,0.0,51434.0,0001245618-04-000037,-index.htm,200.0,2784.0,1.0,0.0,0.0,10.0,0.0,
395,395,69.126.195.hbc,2017-06-26,00:00:01,0.0,1321646.0,0001193125-10-219088,0001193125-10-219088.txt,200.0,847915.0,0.0,0.0,0.0,10.0,0.0,
396,396,70.32.112.aab,2017-06-26,00:00:01,0.0,1603310.0,0000313616-14-000038,-index.htm,200.0,2841.0,1.0,0.0,0.0,10.0,0.0,
397,397,70.32.112.aab,2017-06-26,00:00:01,0.0,1603310.0,0000313616-14-000038,-index.htm,301.0,680.0,1.0,0.0,0.0,10.0,0.0,
398,398,71.172.159.ejd,2017-06-26,00:00:01,0.0,1527702.0,0001078782-17-000869,-xbrl.zip,200.0,74275.0,0.0,0.0,0.0,10.0,0.0,
399,399,72.198.204.bgd,2017-06-26,00:00:01,0.0,1372807.0,0001144204-17-013491,0001144204-17-013491.hdr.sgml,200.0,1244.0,0.0,0.0,0.0,10.0,0.0,
400,400,72.198.204.bgd,2017-06-26,00:00:01,0.0,1372807.0,0001144204-17-013491,0001144204-17-013491.txt,200.0,26942.0,0.0,0.0,0.0,10.0,0.0,
401,401,72.198.204.bgd,2017-06-26,00:00:01,0.0,948320.0,0001213900-17-002079,0001213900-17-002079.hdr.sgml,200.0,1227.0,0.0,0.0,0.0,10.0,0.0,
402,402,85.118.133.fcf,2017-06-26,00:00:01,0.0,1535261.0,0001209191-17-041786,-index.htm,301.0,680.0,1.0,0.0,0.0,10.0,0.0,
403,403,86.153.150.jad,2017-06-26,00:00:01,0.0,1444363.0,0001209191-11-046614,c22169_4x0.xml,200.0,1984.0,0.0,0.0,0.0,10.0,0.0,
404,404,86.153.150.jad,2017-06-26,00:00:01,0.0,110621.0,0000950123-11-053312,-index.htm,200.0,2678.0,1.0,0.0,0.0,10.0,0.0,
405,405,86.153.150.jad,2017-06-26,00:00:01,0.0,108772.0,0001193125-11-149029,filename1.htm,200.0,9364.0,0.0,0.0,0.0,10.0,0.0,
406,406,86.153.150.jad,2017-06-26,00:00:01,0.0,108772.0,0001193125-11-149029,-index.htm,200.0,2630.0,1.0,0.0,0.0,10.0,0.0,
407,407,86.153.150.jad,2017-06-26,00:00:01,0.0,723125.0,0000723125-11-000168,-index.htm,200.0,2827.0,1.0,0.0,0.0,10.0,0.0,
408,408,86.153.150.jad,2017-06-26,00:00:01,0.0,723125.0,0000723125-11-000168,xslF345X03/edgar.xml,200.0,3634.0,0.0,0.0,0.0,10.0,0.0,
409,409,94.156.218.jad,2017-06-26,00:00:01,0.0,67279.0,0000807249-17-000100,-index.htm,200.0,7554.0,1.0,0.0,0.0,10.0,0.0,
410,410,94.156.218.jad,2017-06-26,00:00:01,0.0,1688568.0,0001626129-17-000423,-index.htm,200.0,7530.0,1.0,0.0,0.0,10.0,0.0,
411,411,94.156.218.jad,2017-06-26,00:00:01,0.0,1361113.0,0001171843-17-003805,0001171843-17-003805.txt,200.0,9549.0,0.0,0.0,0.0,10.0,0.0,
412,412,101.81.133.jja,2017-06-26,00:00:02,0.0,724571.0,0001157523-17-001845,-index.htm,200.0,7478.0,1.0,0.0,0.0,9.0,0.0,
413,413,101.81.133.jja,2017-06-26,00:00:02,0.0,793733.0,0001104659-17-041315,-index.htm,200.0,6854.0,1.0,0.0,0.0,9.0,0.0,
414,414,107.23.85.jfd,2017-06-26,00:00:02,0.0,1081915.0,0000950117-06-003976,-index.htm,200.0,2757.0,1.0,0.0,0.0,10.0,0.0,
415,415,107.23.85.jfd,2017-06-26,00:00:02,0.0,1171040.0,0001193125-12-275070,-index.htm,200.0,2831.0,1.0,0.0,0.0,10.0,0.0,
416,416,107.23.85.jfd,2017-06-26,00:00:02,0.0,1171040.0,0001193125-12-305803,-index.htm,200.0,2827.0,1.0,0.0,0.0,10.0,0.0,
417,417,107.23.85.jfd,2017-06-26,00:00:02,0.0,1081915.0,0000930413-06-008054,-index.htm,200.0,2786.0,1.0,0.0,0.0,10.0,0.0,
418,418,107.23.85.jfd,2017-06-26,00:00:02,0.0,1347932.0,0001071787-06-000807,-index.htm,200.0,2667.0,1.0,0.0,0.0,10.0,0.0,
419,419,107.23.85.jfd,2017-06-26,00:00:02,0.0,890493.0,0001193125-13-053785,-index.htm,200.0,2816.0,1.0,0.0,0.0,10.0,0.0,
420,420,107.23.85.jfd,2017-06-26,00:00:02,0.0,1171040.0,0001193125-12-069715,-index.htm,200.0,2835.0,1.0,0.0,0.0,10.0,0.0,
421,421,107.23.85.jfd,2017-06-26,00:00:02,0.0,890493.0,0001193125-13-059752,-index.htm,200.0,2860.0,1.0,0.0,0.0,10.0,0.0,
422,422,107.23.85.jfd,2017-06-26,00:00:02,0.0,1081915.0,0000950117-06-004019,-index.htm,200.0,2754.0,1.0,0.0,0.0,10.0,0.0,
423,423,107.23.85.jfd,2017-06-26,00:00:02,0.0,1081915.0,0000950117-06-004328,-index.htm,200.0,2791.0,1.0,0.0,0.0,10.0,0.0,
424,424,107.23.85.jfd,2017-06-26,00:00:02,0.0,1171040.0,0001193125-12-167735,-index.htm,200.0,2829.0,1.0,0.0,0.0,10.0,0.0,
425,425,107.23.85.jfd,2017-06-26,00:00:02,0.0,1081915.0,0000930413-06-008005,-index.htm,200.0,2799.0,1.0,0.0,0.0,10.0,0.0,
426,426,107.23.85.jfd,2017-06-26,00:00:02,0.0,890493.0,0001193125-13-065816,-index.htm,200.0,2820.0,1.0,0.0,0.0,10.0,0.0,
427,427,107.23.85.jfd,2017-06-26,00:00:02,0.0,1337203.0,0001071787-06-000794,-index.htm,200.0,2666.0,1.0,0.0,0.0,10.0,0.0,
428,428,107.23.85.jfd,2017-06-26,00:00:02,0.0,890493.0,0001193125-13-066889,-index.htm,200.0,2869.0,1.0,0.0,0.0,10.0,0.0,
429,429,107.23.85.jfd,2017-06-26,00:00:02,0.0,1081915.0,0000930413-06-008066,-index.htm,200.0,2794.0,1.0,0.0,0.0,10.0,0.0,
430,430,107.23.85.jfd,2017-06-26,00:00:02,0.0,1171040.0,0001193125-12-239255,-index.htm,200.0,2846.0,1.0,0.0,0.0,10.0,0.0,
431,431,107.23.85.jfd,2017-06-26,00:00:02,0.0,890493.0,0001193125-13-055939,-index.htm,200.0,2819.0,1.0,0.0,0.0,10.0,0.0,
432,432,107.23.85.jfd,2017-06-26,00:00:02,0.0,1081915.0,0000950117-06-003998,-index.htm,200.0,2745.0,1.0,0.0,0.0,10.0,0.0,
433,433,107.23.85.jfd,2017-06-26,00:00:02,0.0,1081915.0,0000950117-06-004686,-index.htm,200.0,2787.0,1.0,0.0,0.0,10.0,0.0,
434,434,107.23.85.jfd,2017-06-26,00:00:02,0.0,890493.0,0001193125-13-064204,-index.htm,200.0,2870.0,1.0,0.0,0.0,10.0,0.0,
435,435,107.23.85.jfd,2017-06-26,00:00:02,0.0,1171040.0,0001193125-12-140190,-index.htm,200.0,3024.0,1.0,0.0,0.0,10.0,0.0,
436,436,107.23.85.jfd,2017-06-26,00:00:02,0.0,890493.0,0001193125-13-064473,-index.htm,200.0,2819.0,1.0,0.0,0.0,10.0,0.0,
437,437,107.23.85.jfd,2017-06-26,00:00:02,0.0,1340072.0,0001071787-06-000797,-index.htm,200.0,2666.0,1.0,0.0,0.0,10.0,0.0,
438,438,107.23.85.jfd,2017-06-26,00:00:02,0.0,890493.0,0001193125-13-061416,-index.htm,200.0,3048.0,1.0,0.0,0.0,10.0,0.0,
439,439,107.23.85.jfd,2017-06-26,00:00:02,0.0,1171040.0,0001193125-12-119421,-index.htm,200.0,2868.0,1.0,0.0,0.0,10.0,0.0,
440,440,107.23.85.jfd,2017-06-26,00:00:02,0.0,1340072.0,0000950117-05-003816,-index.htm,200.0,2783.0,1.0,0.0,0.0,10.0,0.0,
441,441,107.23.85.jfd,2017-06-26,00:00:02,0.0,1337203.0,0000950117-05-003458,-index.htm,200.0,2778.0,1.0,0.0,0.0,10.0,0.0,
442,442,107.23.85.jfd,2017-06-26,00:00:02,0.0,1081915.0,0000950117-06-004164,-index.htm,200.0,2789.0,1.0,0.0,0.0,10.0,0.0,
443,443,107.4.9.djb,2017-06-26,00:00:02,0.0,1439095.0,0001439095-17-000008,mrc-20161231x10k.htm,200.0,187420.0,0.0,0.0,0.0,9.0,0.0,
444,444,108.29.111.ffb,2017-06-26,00:00:02,0.0,917851.0,0001104659-17-038505,a17-15057_16k.htm,200.0,4465.0,0.0,0.0,0.0,9.0,0.0,
445,445,115.111.60.idd,2017-06-26,00:00:02,0.0,1383395.0,0001383395-17-000003,-index.htm,200.0,14948.0,1.0,0.0,0.0,10.0,0.0,
446,446,115.111.60.idd,2017-06-26,00:00:02,0.0,1383395.0,0001383395-17-000003,-index.htm,301.0,289.0,1.0,0.0,1.0,10.0,0.0,
447,447,116.226.190.eag,2017-06-26,00:00:02,0.0,320340.0,0000950144-03-006822,-index.htm,200.0,7112.0,1.0,0.0,0.0,10.0,0.0,
448,448,116.226.190.eag,2017-06-26,00:00:02,0.0,1432196.0,0001469299-12-000087,-index.htm,200.0,9844.0,1.0,0.0,0.0,10.0,0.0,
449,449,116.226.190.eag,2017-06-26,00:00:02,0.0,1031028.0,0000950136-05-005756,-index.htm,200.0,8510.0,1.0,0.0,0.0,10.0,0.0,
450,450,116.226.190.eag,2017-06-26,00:00:02,0.0,1216596.0,0001216596-04-000016,-index.htm,200.0,7954.0,1.0,0.0,0.0,10.0,0.0,
451,451,116.226.190.eag,2017-06-26,00:00:02,0.0,1005817.0,0001387131-12-003538,-index.htm,200.0,11453.0,1.0,0.0,0.0,10.0,0.0,
452,452,116.226.190.eag,2017-06-26,00:00:02,0.0,1065860.0,0001104659-14-038659,-index.htm,200.0,11814.0,1.0,0.0,0.0,10.0,0.0,
453,453,116.226.190.eag,2017-06-26,00:00:02,0.0,1432196.0,0001014897-08-000147,-index.htm,200.0,7224.0,1.0,0.0,0.0,10.0,0.0,
454,454,116.226.190.eag,2017-06-26,00:00:02,0.0,1066194.0,0001193125-04-088792,-index.htm,200.0,7761.0,1.0,0.0,0.0,10.0,0.0,
455,455,116.226.190.eag,2017-06-26,00:00:02,0.0,1354327.0,0001354327-09-000051,-index.htm,200.0,7517.0,1.0,0.0,0.0,10.0,0.0,
456,456,116.226.190.eag,2017-06-26,00:00:02,0.0,933136.0,0001104659-07-038286,-index.htm,200.0,8487.0,1.0,0.0,0.0,10.0,0.0,
457,457,117.91.1.hee,2017-06-26,00:00:02,0.0,1409970.0,0001409970-17-000702,-index.htm,200.0,6509.0,1.0,0.0,0.0,10.0,0.0,
458,458,117.91.1.hee,2017-06-26,00:00:02,0.0,1409970.0,0001409970-17-000700,-index.htm,200.0,6521.0,1.0,0.0,0.0,10.0,0.0,
459,459,117.91.1.hee,2017-06-26,00:00:02,0.0,1409970.0,0001127602-17-021000,-index.htm,200.0,8021.0,1.0,0.0,0.0,10.0,0.0,
460,460,117.91.1.hee,2017-06-26,00:00:02,0.0,1409970.0,0001409970-17-000693,-index.htm,200.0,6521.0,1.0,0.0,0.0,10.0,0.0,
461,461,121.40.161.haf,2017-06-26,00:00:02,0.0,1301611.0,0001301611-17-000009,-index.htm,301.0,677.0,1.0,0.0,0.0,10.0,0.0,
462,462,121.40.161.haf,2017-06-26,00:00:02,0.0,1301611.0,0001301611-17-000009,-index.htm,206.0,2790.0,1.0,0.0,0.0,10.0,0.0,
463,463,128.175.241.beg,2017-06-26,00:00:02,0.0,895655.0,0001193125-06-215156,dex992.htm,301.0,650.0,0.0,0.0,0.0,10.0,0.0,
464,464,128.175.241.beg,2017-06-26,00:00:02,0.0,895655.0,0001193125-06-215156,d8k.htm,301.0,645.0,0.0,0.0,0.0,10.0,0.0,
465,465,128.175.241.beg,2017-06-26,00:00:02,0.0,895655.0,0001193125-06-215156,dex992.htm,200.0,21045.0,0.0,0.0,0.0,10.0,0.0,
466,466,128.175.241.beg,2017-06-26,00:00:02,0.0,895655.0,0001193125-06-215156,d8k.htm,200.0,19951.0,0.0,0.0,0.0,10.0,0.0,
467,467,128.175.241.beg,2017-06-26,00:00:02,0.0,895655.0,0001193125-06-234902,0001193125-06-234902.txt,200.0,176317.0,0.0,0.0,0.0,10.0,0.0,
468,468,128.175.241.beg,2017-06-26,00:00:02,0.0,895655.0,0001193125-06-234902,0001193125-06-234902.txt,301.0,643.0,0.0,0.0,0.0,10.0,0.0,
469,469,128.91.91.iji,2017-06-26,00:00:02,0.0,934094.0,0000914317-98-000752,0000914317-98-000752.txt,200.0,134204.0,0.0,0.0,0.0,10.0,0.0,
470,470,128.91.91.iji,2017-06-26,00:00:02,0.0,63276.0,0001193125-11-045072,0001193125-11-045072.txt,200.0,1656138.0,0.0,0.0,0.0,10.0,0.0,
471,471,128.91.91.iji,2017-06-26,00:00:02,0.0,796317.0,0001193125-10-055193,0001193125-10-055193.txt,200.0,213530.0,0.0,0.0,0.0,10.0,0.0,
472,472,128.91.91.iji,2017-06-26,00:00:02,0.0,1020871.0,0000912057-02-011719,0000912057-02-011719.txt,200.0,190712.0,0.0,0.0,0.0,10.0,0.0,
473,473,128.91.91.iji,2017-06-26,00:00:02,0.0,803497.0,0000950152-97-000422,0000950152-97-000422.txt,200.0,33362.0,0.0,0.0,0.0,10.0,0.0,
474,474,128.91.91.iji,2017-06-26,00:00:02,0.0,754673.0,0001169232-03-001978,0001169232-03-001978.txt,200.0,65379.0,0.0,0.0,0.0,10.0,0.0,
475,475,128.91.91.iji,2017-06-26,00:00:02,0.0,743367.0,0000743367-02-000054,0000743367-02-000054.txt,200.0,110529.0,0.0,0.0,0.0,10.0,0.0,
476,476,138.246.2.cha,2017-06-26,00:00:02,0.0,1368070.0,0001354488-06-000518,0001354488-06-000518.txt,200.0,6682.0,0.0,0.0,0.0,10.0,0.0,
477,477,138.246.2.cha,2017-06-26,00:00:02,0.0,1368070.0,0001354488-06-000513,0001354488-06-000513.txt,200.0,6589.0,0.0,0.0,0.0,10.0,0.0,
478,478,138.246.2.cha,2017-06-26,00:00:02,0.0,38067.0,0000950152-06-009525,0000950152-06-009525.txt,200.0,17899.0,0.0,0.0,0.0,10.0,0.0,
479,479,138.246.2.cha,2017-06-26,00:00:02,0.0,1368295.0,0001144204-06-036919,0001144204-06-036919.txt,200.0,6268.0,0.0,0.0,0.0,10.0,0.0,
480,480,141.160.13.ihd,2017-06-26,00:00:02,0.0,912763.0,0001623632-17-000156,0001623632-17-000156.txt,200.0,197626.0,0.0,0.0,0.0,10.0,0.0,
481,481,141.160.13.ihd,2017-06-26,00:00:02,0.0,912763.0,0001623632-17-000152,0001623632-17-000152.txt,0.0,276510.0,0.0,0.0,0.0,10.0,0.0,
482,482,158.132.91.haf,2017-06-26,00:00:02,0.0,1514349.0,0001493152-15-001460,0001493152-15-001460.txt,301.0,644.0,0.0,0.0,0.0,10.0,0.0,
483,483,158.132.91.haf,2017-06-26,00:00:02,0.0,1513761.0,0001209191-15-034390,0001209191-15-034390.txt,200.0,4051.0,0.0,0.0,0.0,10.0,0.0,
484,484,158.132.91.haf,2017-06-26,00:00:02,0.0,1514349.0,0001493152-15-001460,0001493152-15-001460.txt,200.0,2256.0,0.0,0.0,0.0,10.0,0.0,
485,485,163.231.6.edc,2017-06-26,00:00:02,0.0,79958.0,0001193125-10-130580,d10k.htm,0.0,83916.0,0.0,0.0,0.0,10.0,0.0,
486,486,163.231.6.edc,2017-06-26,00:00:02,0.0,79958.0,0001193125-10-130580,d10k.htm,301.0,644.0,0.0,0.0,0.0,10.0,0.0,
487,487,163.231.6.edc,2017-06-26,00:00:02,0.0,79958.0,0001193125-10-130580,d10k.htm,301.0,267.0,0.0,0.0,1.0,10.0,0.0,
488,488,164.132.161.cje,2017-06-26,00:00:02,0.0,1606363.0,0001558370-16-004485,gnbc-20151231ex321026dfc.htm,200.0,2383.0,0.0,0.0,0.0,10.0,0.0,
489,489,167.114.34.jea,2017-06-26,00:00:02,0.0,831001.0,0001193125-11-061857,ddef14a.htm,200.0,220796.0,0.0,0.0,0.0,7.0,0.0,
490,490,167.160.109.ajc,2017-06-26,00:00:02,0.0,842699.0,0000912057-01-001131,0000912057-01-001131.txt,200.0,9113.0,0.0,0.0,0.0,10.0,0.0,
491,491,167.160.109.ajc,2017-06-26,00:00:02,0.0,1092762.0,0001084178-01-500011,0001084178-01-500011.txt,200.0,5601.0,0.0,0.0,0.0,10.0,0.0,
492,492,172.113.252.hdj,2017-06-26,00:00:02,0.0,1642836.0,0001642836-15-000001,primary_doc.xml,200.0,5687.0,0.0,0.0,0.0,10.0,0.0,
493,493,172.113.252.hdj,2017-06-26,00:00:02,0.0,1621929.0,0001621929-14-000002,primary_doc.xml,200.0,8174.0,0.0,0.0,0.0,10.0,0.0,
494,494,180.76.15.eij,2017-06-26,00:00:02,0.0,804328.0,0001234452-14-000168,xslF345X01/edgardoc.xml,301.0,671.0,0.0,0.0,0.0,10.0,0.0,
495,495,180.76.15.hjh,2017-06-26,00:00:02,0.0,759667.0,0001167368-14-000016,-index.htm,301.0,652.0,1.0,0.0,0.0,10.0,0.0,
496,496,183.212.144.jde,2017-06-26,00:00:02,0.0,311817.0,0001575872-17-000037,hmg-20161231_def.xml,200.0,17694.0,0.0,0.0,0.0,10.0,0.0,
497,497,192.41.128.bbi,2017-06-26,00:00:02,0.0,928835.0,0001290929-08-000068,0001290929-08-000068.txt,200.0,16327.0,0.0,0.0,0.0,10.0,0.0,
498,498,192.41.128.bbi,2017-06-26,00:00:02,0.0,866273.0,0001193125-08-171286,0001193125-08-171286.txt,200.0,323495.0,0.0,0.0,0.0,10.0,0.0,
499,499,198.199.84.bfb,2017-06-26,00:00:02,0.0,1089744.0,0001209191-17-041786,doc4.xml,301.0,649.0,0.0,0.0,0.0,10.0,0.0,
